date,category,sales,sales_capped
2024-01-01,Clothing,866.75,866.75
2024-01-02,Clothing,1035.49,1035.49
2024-01-03,Clothing,945.73,945.73
2024-01-04,Clothing,1054.89,1054.89
2024-01-05,Clothing,1045.17,1045.17
2024-01-06,Clothing,1451.23,1451.23
2024-01-07,Clothing,1460.77,1460.77
2024-01-08,Clothing,1043.41,1043.41
2024-01-09,Clothing,1006.72,1006.72
2024-01-10,Clothing,1014.84,1014.84
2024-01-11,Clothing,900.89,900.89
2024-01-12,Clothing,1054.47,1054.47
2024-01-13,Clothing,1447.84,1447.84
2024-01-14,Clothing,1365.21,1365.21
2024-01-15,Clothing,965.92,965.92
2024-01-16,Clothing,1028.91,1028.91
2024-01-17,Clothing,1130.02,1130.02
2024-01-18,Clothing,1027.72,1027.72
2024-01-19,Clothing,925.42,925.42
2024-01-20,Clothing,1633.0,1633.0
2024-01-21,Clothing,1515.6,1515.6
2024-01-22,Clothing,990.62,990.62
2024-01-23,Clothing,941.98,941.98
2024-01-24,Clothing,946.48,946.48
2024-01-25,Clothing,1095.57,1095.57
2024-01-26,Clothing,990.67,990.67
2024-01-27,Clothing,1474.21,1474.21
2024-01-28,Clothing,1475.65,1475.65
2024-01-29,Clothing,1100.83,1100.83
2024-01-30,Clothing,971.22,971.22
2024-01-31,Clothing,1044.04,1044.04
2024-02-01,Clothing,1022.04,1022.04
2024-02-02,Clothing,1020.08,1020.08
2024-02-03,Clothing,1450.39,1450.39
2024-02-04,Clothing,1541.7,1541.7
2024-02-05,Clothing,1100.85,1100.85
2024-02-06,Clothing,1000.63,1000.63
2024-02-07,Clothing,947.94,947.94
2024-02-08,Clothing,924.95,924.95
2024-02-09,Clothing,1013.13,1013.13
2024-02-10,Clothing,1250.375,1250.375
2024-02-11,Clothing,1487.62,1487.62
2024-02-12,Clothing,999.82,999.82
2024-02-13,Clothing,909.6,909.6
2024-02-14,Clothing,1044.0,1044.0
2024-02-15,Clothing,1010.09,1010.09
2024-02-16,Clothing,990.42,990.42
2024-02-17,Clothing,1497.43,1497.43
2024-02-18,Clothing,1537.07,1537.07
2024-02-19,Clothing,994.38,994.38
2024-02-20,Clothing,938.81,938.81
2024-02-21,Clothing,1058.4,1058.4
2024-02-22,Clothing,960.98,960.98
2024-02-23,Clothing,941.95,941.95
2024-02-24,Clothing,1374.08,1374.08
2024-02-25,Clothing,1465.72,1465.72
2024-02-26,Clothing,917.82,917.82
2024-02-27,Clothing,947.84,947.84
2024-02-28,Clothing,1004.2,1004.2
2024-02-29,Clothing,977.44,977.44
2024-03-01,Clothing,1222.0900000000001,1222.0900000000001
2024-03-02,Clothing,1466.74,1466.74
2024-03-03,Clothing,1421.15,1421.15
2024-03-04,Clothing,948.03,948.03
2024-03-05,Clothing,935.35,935.35
2024-03-06,Clothing,1002.51,1002.51
2024-03-07,Clothing,962.91,962.91
2024-03-08,Clothing,934.82,934.82
2024-03-09,Clothing,1476.42,1476.42
2024-03-10,Clothing,1428.01,1428.01
2024-03-11,Clothing,924.85,924.85
2024-03-12,Clothing,859.73,859.73
2024-03-13,Clothing,974.38,974.38
2024-03-14,Clothing,960.07,960.07
2024-03-15,Clothing,946.4,946.4
2024-03-16,Clothing,1374.0,1374.0
2024-03-17,Clothing,1346.15,1346.15
2024-03-18,Clothing,922.24,922.24
2024-03-19,Clothing,947.17,947.17
2024-03-20,Clothing,923.02,923.02
2024-03-21,Clothing,919.38,919.38
2024-03-22,Clothing,897.32,897.32
2024-03-23,Clothing,1392.12,1392.12
2024-03-24,Clothing,1381.59,1381.59
2024-03-25,Clothing,872.12,872.12
2024-03-26,Clothing,960.12,960.12
2024-03-27,Clothing,959.18,959.18
2024-03-28,Clothing,957.7,957.7
2024-03-29,Clothing,898.2,898.2
2024-03-30,Clothing,1329.75,1329.75
2024-03-31,Clothing,1267.36,1267.36
2024-04-01,Clothing,942.64,942.64
2024-04-02,Clothing,766.28,766.28
2024-04-03,Clothing,868.01,868.01
2024-04-04,Clothing,868.11,868.11
2024-04-05,Clothing,936.88,936.88
2024-04-06,Clothing,1309.31,1309.31
2024-04-07,Clothing,1246.79,1246.79
2024-04-08,Clothing,790.83,790.83
2024-04-09,Clothing,829.63,829.63
2024-04-10,Clothing,876.71,876.71
2024-04-11,Clothing,870.54,870.54
2024-04-12,Clothing,852.29,852.29
2024-04-13,Clothing,1235.06,1235.06
2024-04-14,Clothing,1258.7,1258.7
2024-04-15,Clothing,914.69,914.69
2024-04-16,Clothing,785.68,785.68
2024-04-17,Clothing,850.59,850.59
2024-04-18,Clothing,942.55,942.55
2024-04-19,Clothing,1078.72,1078.72
2024-04-20,Clothing,1214.89,1214.89
2024-04-21,Clothing,1277.04,1277.04
2024-04-22,Clothing,787.76,787.76
2024-04-23,Clothing,830.16,830.16
2024-04-24,Clothing,919.84,919.84
2024-04-25,Clothing,937.1,937.1
2024-04-26,Clothing,717.8,717.8
2024-04-27,Clothing,1250.23,1250.23
2024-04-28,Clothing,1320.31,1320.31
2024-04-29,Clothing,778.22,778.22
2024-04-30,Clothing,823.37,823.37
2024-05-01,Clothing,895.16,895.16
2024-05-02,Clothing,772.08,772.08
2024-05-03,Clothing,825.67,825.67
2024-05-04,Clothing,1171.06,1171.06
2024-05-05,Clothing,1054.35,1054.35
2024-05-06,Clothing,810.13,810.13
2024-05-07,Clothing,775.28,775.28
2024-05-08,Clothing,839.0,839.0
2024-05-09,Clothing,905.92,905.92
2024-05-10,Clothing,818.36,818.36
2024-05-11,Clothing,1119.85,1119.85
2024-05-12,Clothing,1164.33,1164.33
2024-05-13,Clothing,780.6,780.6
2024-05-14,Clothing,826.96,826.96
2024-05-15,Clothing,676.37,676.37
2024-05-16,Clothing,689.86,689.86
2024-05-17,Clothing,634.29,634.29
2024-05-18,Clothing,1147.02,1147.02
2024-05-19,Clothing,1105.12,1105.12
2024-05-20,Clothing,710.24,710.24
2024-05-21,Clothing,702.4,702.4
2024-05-22,Clothing,708.89,708.89
2024-05-23,Clothing,684.88,684.88
2024-05-24,Clothing,718.62,718.62
2024-05-25,Clothing,1051.53,1051.53
2024-05-26,Clothing,1160.57,1160.57
2024-05-27,Clothing,749.56,749.56
2024-05-28,Clothing,678.54,678.54
2024-05-29,Clothing,690.14,690.14
2024-05-30,Clothing,794.67,794.67
2024-05-31,Clothing,747.47,747.47
2024-06-01,Clothing,1071.85,1071.85
2024-06-02,Clothing,1093.73,1093.73
2024-06-03,Clothing,808.5,808.5
2024-06-04,Clothing,638.04,638.04
2024-06-05,Clothing,664.12,664.12
2024-06-06,Clothing,602.26,602.26
2024-06-07,Clothing,734.25,734.25
2024-06-08,Clothing,1007.13,1007.13
2024-06-09,Clothing,986.33,986.33
2024-06-10,Clothing,652.69,652.69
2024-06-11,Clothing,737.95,737.95
2024-06-12,Clothing,686.03,686.03
2024-06-13,Clothing,660.86,660.86
2024-06-14,Clothing,766.19,766.19
2024-06-15,Clothing,945.98,945.98
2024-06-16,Clothing,930.14,930.14
2024-06-17,Clothing,841.37,841.37
2024-06-18,Clothing,662.0,662.0
2024-06-19,Clothing,649.88,649.88
2024-06-20,Clothing,637.31,637.31
2024-06-21,Clothing,671.26,671.26
2024-06-22,Clothing,1038.09,1038.09
2024-06-23,Clothing,1034.12,1034.12
2024-06-24,Clothing,707.99,707.99
2024-06-25,Clothing,657.36,657.36
2024-06-26,Clothing,583.46,583.46
2024-06-27,Clothing,688.67,688.67
2024-06-28,Clothing,761.71,761.71
2024-06-29,Clothing,1041.44,1041.44
2024-06-30,Clothing,965.54,965.54
2024-07-01,Clothing,715.73,715.73
2024-07-02,Clothing,643.55,643.55
2024-07-03,Clothing,662.54,662.54
2024-07-04,Clothing,591.0,591.0
2024-07-05,Clothing,645.42,645.42
2024-07-06,Clothing,975.9,975.9
2024-07-07,Clothing,956.26,956.26
2024-07-08,Clothing,8504.52,2307.32
2024-07-09,Clothing,775.04,775.04
2024-07-10,Clothing,740.88,740.88
2024-07-11,Clothing,642.9,642.9
2024-07-12,Clothing,617.01,617.01
2024-07-13,Clothing,922.67,922.67
2024-07-14,Clothing,902.7,902.7
2024-07-15,Clothing,662.31,662.31
2024-07-16,Clothing,685.45,685.45
2024-07-17,Clothing,671.13,671.13
2024-07-18,Clothing,671.8,671.8
2024-07-19,Clothing,669.77,669.77
2024-07-20,Clothing,952.56,952.56
2024-07-21,Clothing,916.11,916.11
2024-07-22,Clothing,764.38,764.38
2024-07-23,Clothing,724.08,724.08
2024-07-24,Clothing,607.12,607.12
2024-07-25,Clothing,607.75,607.75
2024-07-26,Clothing,627.39,627.39
2024-07-27,Clothing,965.47,965.47
2024-07-28,Clothing,1039.82,1039.82
2024-07-29,Clothing,725.32,725.32
2024-07-30,Clothing,729.24,729.24
2024-07-31,Clothing,731.24,731.24
2024-08-01,Clothing,733.22,733.22
2024-08-02,Clothing,711.95,711.95
2024-08-03,Clothing,998.11,998.11
2024-08-04,Clothing,965.09,965.09
2024-08-05,Clothing,566.22,566.22
2024-08-06,Clothing,664.24,664.24
2024-08-07,Clothing,781.32,781.32
2024-08-08,Clothing,642.07,642.07
2024-08-09,Clothing,638.24,638.24
2024-08-10,Clothing,1043.48,1043.48
2024-08-11,Clothing,989.27,989.27
2024-08-12,Clothing,651.27,651.27
2024-08-13,Clothing,775.08,775.08
2024-08-14,Clothing,720.67,720.67
2024-08-15,Clothing,730.33,730.33
2024-08-16,Clothing,652.7,652.7
2024-08-17,Clothing,1027.98,1027.98
2024-08-18,Clothing,1023.32,1023.32
2024-08-19,Clothing,738.65,738.65
2024-08-20,Clothing,762.89,762.89
2024-08-21,Clothing,763.48,763.48
2024-08-22,Clothing,708.17,708.17
2024-08-23,Clothing,741.38,741.38
2024-08-24,Clothing,949.1,949.1
2024-08-25,Clothing,1059.54,1059.54
2024-08-26,Clothing,747.6,747.6
2024-08-27,Clothing,685.48,685.48
2024-08-28,Clothing,664.71,664.71
2024-08-29,Clothing,709.98,709.98
2024-08-30,Clothing,885.775,885.775
2024-08-31,Clothing,1061.57,1061.57
2024-09-01,Clothing,1062.42,1062.42
2024-09-02,Clothing,666.53,666.53
2024-09-03,Clothing,728.9,728.9
2024-09-04,Clothing,792.75,792.75
2024-09-05,Clothing,795.13,795.13
2024-09-06,Clothing,794.73,794.73
2024-09-07,Clothing,1058.78,1058.78
2024-09-08,Clothing,1051.58,1051.58
2024-09-09,Clothing,719.07,719.07
2024-09-10,Clothing,780.98,780.98
2024-09-11,Clothing,889.46,889.46
2024-09-12,Clothing,835.61,835.61
2024-09-13,Clothing,849.46,849.46
2024-09-14,Clothing,1178.47,1178.47
2024-09-15,Clothing,1005.18,1005.18
2024-09-16,Clothing,751.49,751.49
2024-09-17,Clothing,740.72,740.72
2024-09-18,Clothing,844.83,844.83
2024-09-19,Clothing,874.37,874.37
2024-09-20,Clothing,736.47,736.47
2024-09-21,Clothing,1132.09,1132.09
2024-09-22,Clothing,1168.0,1168.0
2024-09-23,Clothing,756.9,756.9
2024-09-24,Clothing,751.85,751.85
2024-09-25,Clothing,752.3,752.3
2024-09-26,Clothing,849.45,849.45
2024-09-27,Clothing,8942.880000000001,2307.32
2024-09-28,Clothing,1232.34,1232.34
2024-09-29,Clothing,1174.5,1174.5
2024-09-30,Clothing,855.33,855.33
2024-10-01,Clothing,906.46,906.46
2024-10-02,Clothing,777.17,777.17
2024-10-03,Clothing,771.86,771.86
2024-10-04,Clothing,850.05,850.05
2024-10-05,Clothing,1138.47,1138.47
2024-10-06,Clothing,1161.84,1161.84
2024-10-07,Clothing,828.49,828.49
2024-10-08,Clothing,848.35,848.35
2024-10-09,Clothing,768.0,768.0
2024-10-10,Clothing,823.35,823.35
2024-10-11,Clothing,884.9,884.9
2024-10-12,Clothing,1318.31,1318.31
2024-10-13,Clothing,1125.57,1125.57
2024-10-14,Clothing,939.29,939.29
2024-10-15,Clothing,917.58,917.58
2024-10-16,Clothing,803.55,803.55
2024-10-17,Clothing,784.24,784.24
2024-10-18,Clothing,900.96,900.96
2024-10-19,Clothing,1250.67,1250.67
2024-10-20,Clothing,1289.38,1289.38
2024-10-21,Clothing,938.69,938.69
2024-10-22,Clothing,868.69,868.69
2024-10-23,Clothing,904.39,904.39
2024-10-24,Clothing,926.84,926.84
2024-10-25,Clothing,955.32,955.32
2024-10-26,Clothing,1419.31,1419.31
2024-10-27,Clothing,1421.11,1421.11
2024-10-28,Clothing,927.76,927.76
2024-10-29,Clothing,902.95,902.95
2024-10-30,Clothing,1062.58,1062.58
2024-10-31,Clothing,962.74,962.74
2024-11-01,Clothing,953.7,953.7
2024-11-02,Clothing,1286.11,1286.11
2024-11-03,Clothing,1403.73,1403.73
2024-11-04,Clothing,892.78,892.78
2024-11-05,Clothing,915.47,915.47
2024-11-06,Clothing,866.72,866.72
2024-11-07,Clothing,919.08,919.08
2024-11-08,Clothing,957.36,957.36
2024-11-09,Clothing,1299.31,1299.31
2024-11-10,Clothing,1340.64,1340.64
2024-11-11,Clothing,959.66,959.66
2024-11-12,Clothing,892.44,892.44
2024-11-13,Clothing,896.57,896.57
2024-11-14,Clothing,925.14,925.14
2024-11-15,Clothing,894.23,894.23
2024-11-16,Clothing,1461.18,1461.18
2024-11-17,Clothing,1370.12,1370.12
2024-11-18,Clothing,1034.38,1034.38
2024-11-19,Clothing,1047.02,1047.02
2024-11-20,Clothing,923.56,923.56
2024-11-21,Clothing,1000.82,1000.82
2024-11-22,Clothing,973.04,973.04
2024-11-23,Clothing,1390.31,1390.31
2024-11-24,Clothing,3080.27,2307.32
2024-11-25,Clothing,2091.83,2091.83
2024-11-26,Clothing,2155.25,2155.25
2024-11-27,Clothing,2180.51,2180.51
2024-11-28,Clothing,2059.82,2059.82
2024-11-29,Clothing,2624.285,2307.32
2024-11-30,Clothing,3188.75,2307.32
2024-12-01,Clothing,2400.44,2307.32
2024-12-02,Clothing,1445.28,1445.28
2024-12-03,Clothing,1672.22,1672.22
2024-12-04,Clothing,1590.05,1590.05
2024-12-05,Clothing,1696.07,1696.07
2024-12-06,Clothing,1583.25,1583.25
2024-12-07,Clothing,2318.27,2307.32
2024-12-08,Clothing,2376.66,2307.32
2024-12-09,Clothing,1690.86,1690.86
2024-12-10,Clothing,1626.65,1626.65
2024-12-11,Clothing,1487.57,1487.57
2024-12-12,Clothing,1673.45,1673.45
2024-12-13,Clothing,1539.86,1539.86
2024-12-14,Clothing,2349.03,2307.32
2024-12-15,Clothing,2343.28,2307.32
2024-12-16,Clothing,1536.89,1536.89
2024-12-17,Clothing,1575.36,1575.36
2024-12-18,Clothing,1594.58,1594.58
2024-12-19,Clothing,1620.32,1620.32
2024-12-20,Clothing,1656.99,1656.99
2024-12-21,Clothing,2421.64,2307.32
2024-12-22,Clothing,2357.24,2307.32
2024-12-23,Clothing,1658.35,1658.35
2024-12-24,Clothing,1730.47,1730.47
2024-12-25,Clothing,1144.08,1144.08
2024-12-26,Clothing,1097.06,1097.06
2024-12-27,Clothing,1127.88,1127.88
2024-12-28,Clothing,1637.84,1637.84
2024-12-29,Clothing,1668.3,1668.3
2024-12-30,Clothing,1197.39,1197.39
2024-12-31,Clothing,1077.91,1077.91
2025-01-01,Clothing,1081.13,1081.13
2025-01-02,Clothing,1187.26,1187.26
2025-01-03,Clothing,1193.96,1193.96
2025-01-04,Clothing,1689.57,1689.57
2025-01-05,Clothing,1458.31,1458.31
2025-01-06,Clothing,1091.0,1091.0
2025-01-07,Clothing,910.04,910.04
2025-01-08,Clothing,1150.29,1150.29
2025-01-09,Clothing,1110.9,1110.9
2025-01-10,Clothing,1111.7,1111.7
2025-01-11,Clothing,1599.61,1599.61
2025-01-12,Clothing,1687.27,1687.27
2025-01-13,Clothing,1093.66,1093.66
2025-01-14,Clothing,1174.0,1174.0
2025-01-15,Clothing,1145.95,1145.95
2025-01-16,Clothing,1134.8,1134.8
2025-01-17,Clothing,1141.75,1141.75
2025-01-18,Clothing,1620.99,1620.99
2025-01-19,Clothing,1549.29,1549.29
2025-01-20,Clothing,1158.4,1158.4
2025-01-21,Clothing,1158.59,1158.59
2025-01-22,Clothing,1107.46,1107.46
2025-01-23,Clothing,1160.18,1160.18
2025-01-24,Clothing,1170.46,1170.46
2025-01-25,Clothing,1539.58,1539.58
2025-01-26,Clothing,1607.89,1607.89
2025-01-27,Clothing,1090.12,1090.12
2025-01-28,Clothing,1062.36,1062.36
2025-01-29,Clothing,1135.89,1135.89
2025-01-30,Clothing,1065.79,1065.79
2025-01-31,Clothing,1090.09,1090.09
2025-02-01,Clothing,1628.97,1628.97
2025-02-02,Clothing,1634.57,1634.57
2025-02-03,Clothing,1134.41,1134.41
2025-02-04,Clothing,1248.69,1248.69
2025-02-05,Clothing,1083.91,1083.91
2025-02-06,Clothing,1128.57,1128.57
2025-02-07,Clothing,1040.57,1040.57
2025-02-08,Clothing,1636.63,1636.63
2025-02-09,Clothing,1675.69,1675.69
2025-02-10,Clothing,1183.51,1183.51
2025-02-11,Clothing,1071.67,1071.67
2025-02-12,Clothing,1092.14,1092.14
2025-02-13,Clothing,1183.68,1183.68
2025-02-14,Clothing,1101.31,1101.31
2025-02-15,Clothing,1654.62,1654.62
2025-02-16,Clothing,1536.9,1536.9
2025-02-17,Clothing,1186.51,1186.51
2025-02-18,Clothing,1163.9,1163.9
2025-02-19,Clothing,1128.82,1128.82
2025-02-20,Clothing,1051.72,1051.72
2025-02-21,Clothing,1088.65,1088.65
2025-02-22,Clothing,1591.55,1591.55
2025-02-23,Clothing,1595.88,1595.88
2025-02-24,Clothing,1087.44,1087.44
2025-02-25,Clothing,1079.03,1079.03
2025-02-26,Clothing,1102.03,1102.03
2025-02-27,Clothing,1172.52,1172.52
2025-02-28,Clothing,966.57,966.57
2025-03-01,Clothing,1481.81,1481.81
2025-03-02,Clothing,1468.52,1468.52
2025-03-03,Clothing,1040.3,1040.3
2025-03-04,Clothing,975.17,975.17
2025-03-05,Clothing,1110.8,1110.8
2025-03-06,Clothing,1081.34,1081.34
2025-03-07,Clothing,1058.3,1058.3
2025-03-08,Clothing,1501.44,1501.44
2025-03-09,Clothing,1548.37,1548.37
2025-03-10,Clothing,1077.78,1077.78
2025-03-11,Clothing,1084.67,1084.67
2025-03-12,Clothing,1018.84,1018.84
2025-03-13,Clothing,1099.23,1099.23
2025-03-14,Clothing,1345.83,1345.83
2025-03-15,Clothing,1592.43,1592.43
2025-03-16,Clothing,1329.08,1329.08
2025-03-17,Clothing,1015.04,1015.04
2025-03-18,Clothing,976.03,976.03
2025-03-19,Clothing,1093.03,1093.03
2025-03-20,Clothing,953.97,953.97
2025-03-21,Clothing,1149.8,1149.8
2025-03-22,Clothing,1397.23,1397.23
2025-03-23,Clothing,1607.47,1607.47
2025-03-24,Clothing,1059.41,1059.41
2025-03-25,Clothing,1031.65,1031.65
2025-03-26,Clothing,1053.22,1053.22
2025-03-27,Clothing,1155.85,1155.85
2025-03-28,Clothing,1075.09,1075.09
2025-03-29,Clothing,1326.07,1326.07
2025-03-30,Clothing,1527.31,1527.31
2025-03-31,Clothing,1026.87,1026.87
2025-04-01,Clothing,913.05,913.05
2025-04-02,Clothing,1052.79,1052.79
2025-04-03,Clothing,931.56,931.56
2025-04-04,Clothing,1012.14,1012.14
2025-04-05,Clothing,1442.44,1442.44
2025-04-06,Clothing,1384.9,1384.9
2025-04-07,Clothing,1031.15,1031.15
2025-04-08,Clothing,927.98,927.98
2025-04-09,Clothing,997.7,997.7
2025-04-10,Clothing,950.34,950.34
2025-04-11,Clothing,969.15,969.15
2025-04-12,Clothing,1510.88,1510.88
2025-04-13,Clothing,1397.44,1397.44
2025-04-14,Clothing,905.61,905.61
2025-04-15,Clothing,960.71,960.71
2025-04-16,Clothing,918.47,918.47
2025-04-17,Clothing,963.09,963.09
2025-04-18,Clothing,968.09,968.09
2025-04-19,Clothing,1366.86,1366.86
2025-04-20,Clothing,1361.93,1361.93
2025-04-21,Clothing,916.29,916.29
2025-04-22,Clothing,961.2049999999999,961.2049999999999
2025-04-23,Clothing,1006.12,1006.12
2025-04-24,Clothing,902.31,902.31
2025-04-25,Clothing,932.89,932.89
2025-04-26,Clothing,1331.37,1331.37
2025-04-27,Clothing,1398.1,1398.1
2025-04-28,Clothing,991.75,991.75
2025-04-29,Clothing,880.06,880.06
2025-04-30,Clothing,925.08,925.08
2025-05-01,Clothing,827.99,827.99
2025-05-02,Clothing,856.6,856.6
2025-05-03,Clothing,1294.85,1294.85
2025-05-04,Clothing,1326.96,1326.96
2025-05-05,Clothing,962.54,962.54
2025-05-06,Clothing,883.56,883.56
2025-05-07,Clothing,817.99,817.99
2025-05-08,Clothing,919.94,919.94
2025-05-09,Clothing,882.73,882.73
2025-05-10,Clothing,1286.36,1286.36
2025-05-11,Clothing,1265.9,1265.9
2025-05-12,Clothing,1093.1950000000002,1093.1950000000002
2025-05-13,Clothing,920.49,920.49
2025-05-14,Clothing,928.91,928.91
2025-05-15,Clothing,847.83,847.83
2025-05-16,Clothing,932.23,932.23
2025-05-17,Clothing,1198.98,1198.98
2025-05-18,Clothing,1229.85,1229.85
2025-05-19,Clothing,975.63,975.63
2025-05-20,Clothing,882.62,882.62
2025-05-21,Clothing,788.48,788.48
2025-05-22,Clothing,945.15,945.15
2025-05-23,Clothing,913.02,913.02
2025-05-24,Clothing,1267.6,1267.6
2025-05-25,Clothing,1206.89,1206.89
2025-05-26,Clothing,865.84,865.84
2025-05-27,Clothing,828.53,828.53
2025-05-28,Clothing,797.97,797.97
2025-05-29,Clothing,929.25,929.25
2025-05-30,Clothing,812.87,812.87
2025-05-31,Clothing,1142.56,1142.56
2025-06-01,Clothing,1141.03,1141.03
2025-06-02,Clothing,939.5,939.5
2025-06-03,Clothing,878.11,878.11
2025-06-04,Clothing,801.06,801.06
2025-06-05,Clothing,818.14,818.14
2025-06-06,Clothing,849.29,849.29
2025-06-07,Clothing,1199.0,1199.0
2025-06-08,Clothing,1046.31,1046.31
2025-06-09,Clothing,866.5,866.5
2025-06-10,Clothing,797.15,797.15
2025-06-11,Clothing,767.06,767.06
2025-06-12,Clothing,782.85,782.85
2025-06-13,Clothing,851.87,851.87
2025-06-14,Clothing,1229.74,1229.74
2025-06-15,Clothing,1130.23,1130.23
2025-06-16,Clothing,832.31,832.31
2025-06-17,Clothing,748.33,748.33
2025-06-18,Clothing,824.97,824.97
2025-06-19,Clothing,843.22,843.22
2025-06-20,Clothing,703.0,703.0
2025-06-21,Clothing,1074.81,1074.81
2025-06-22,Clothing,1150.67,1150.67
2025-06-23,Clothing,682.32,682.32
2025-06-24,Clothing,764.04,764.04
2025-06-25,Clothing,821.19,821.19
2025-06-26,Clothing,682.44,682.44
2025-06-27,Clothing,758.86,758.86
2025-06-28,Clothing,1093.93,1093.93
2025-06-29,Clothing,1142.25,1142.25
2025-06-30,Clothing,702.6,702.6
2025-07-01,Clothing,844.89,844.89
2025-07-02,Clothing,795.72,795.72
2025-07-03,Clothing,848.29,848.29
2025-07-04,Clothing,845.44,845.44
2025-07-05,Clothing,1100.1,1100.1
2025-07-06,Clothing,1107.56,1107.56
2025-07-07,Clothing,669.11,669.11
2025-07-08,Clothing,691.86,691.86
2025-07-09,Clothing,711.99,711.99
2025-07-10,Clothing,769.6800000000001,769.6800000000001
2025-07-11,Clothing,827.37,827.37
2025-07-12,Clothing,965.8,965.8
2025-07-13,Clothing,1052.97,1052.97
2025-07-14,Clothing,691.14,691.14
2025-07-15,Clothing,676.75,676.75
2025-07-16,Clothing,858.68,858.68
2025-07-17,Clothing,775.89,775.89
2025-07-18,Clothing,868.06,868.06
2025-07-19,Clothing,1141.27,1141.27
2025-07-20,Clothing,1014.93,1014.93
2025-07-21,Clothing,658.94,658.94
2025-07-22,Clothing,894.64,894.64
2025-07-23,Clothing,746.4,746.4
2025-07-24,Clothing,702.35,702.35
2025-07-25,Clothing,812.88,812.88
2025-07-26,Clothing,1080.18,1080.18
2025-07-27,Clothing,1032.31,1032.31
2025-07-28,Clothing,752.17,752.17
2025-07-29,Clothing,783.23,783.23
2025-07-30,Clothing,778.67,778.67
2025-07-31,Clothing,820.31,820.31
2025-08-01,Clothing,754.57,754.57
2025-08-02,Clothing,1057.51,1057.51
2025-08-03,Clothing,1115.36,1115.36
2025-08-04,Clothing,797.3,797.3
2025-08-05,Clothing,845.21,845.21
2025-08-06,Clothing,765.65,765.65
2025-08-07,Clothing,775.9,775.9
2025-08-08,Clothing,713.64,713.64
2025-08-09,Clothing,1178.45,1178.45
2025-08-10,Clothing,1006.7,1006.7
2025-08-11,Clothing,799.08,799.08
2025-08-12,Clothing,734.87,734.87
2025-08-13,Clothing,810.12,810.12
2025-08-14,Clothing,836.08,836.08
2025-08-15,Clothing,694.66,694.66
2025-08-16,Clothing,1090.4,1090.4
2025-08-17,Clothing,1000.07,1000.07
2025-08-18,Clothing,882.4,882.4
2025-08-19,Clothing,773.37,773.37
2025-08-20,Clothing,707.23,707.23
2025-08-21,Clothing,761.63,761.63
2025-08-22,Clothing,884.39,884.39
2025-08-23,Clothing,1210.86,1210.86
2025-08-24,Clothing,1200.81,1200.81
2025-08-25,Clothing,764.88,764.88
2025-08-26,Clothing,804.98,804.98
2025-08-27,Clothing,914.42,914.42
2025-08-28,Clothing,774.72,774.72
2025-08-29,Clothing,800.85,800.85
2025-08-30,Clothing,1086.67,1086.67
2025-08-31,Clothing,1077.53,1077.53
2025-09-01,Clothing,900.55,900.55
2025-09-02,Clothing,868.53,868.53
2025-09-03,Clothing,860.22,860.22
2025-09-04,Clothing,870.62,870.62
2025-09-05,Clothing,899.76,899.76
2025-09-06,Clothing,1260.27,1260.27
2025-09-07,Clothing,1173.16,1173.16
2025-09-08,Clothing,826.21,826.21
2025-09-09,Clothing,788.05,788.05
2025-09-10,Clothing,917.26,917.26
2025-09-11,Clothing,824.32,824.32
2025-09-12,Clothing,768.47,768.47
2025-09-13,Clothing,1182.39,1182.39
2025-09-14,Clothing,1204.33,1204.33
2025-09-15,Clothing,917.1,917.1
2025-09-16,Clothing,930.45,930.45
2025-09-17,Clothing,829.48,829.48
2025-09-18,Clothing,828.47,828.47
2025-09-19,Clothing,859.97,859.97
2025-09-20,Clothing,1157.42,1157.42
2025-09-21,Clothing,1228.23,1228.23
2025-09-22,Clothing,917.05,917.05
2025-09-23,Clothing,858.13,858.13
2025-09-24,Clothing,799.21,799.21
2025-09-25,Clothing,827.84,827.84
2025-09-26,Clothing,979.9,979.9
2025-09-27,Clothing,1203.18,1203.18
2025-09-28,Clothing,1313.29,1313.29
2025-09-29,Clothing,950.96,950.96
2025-09-30,Clothing,897.2,897.2
2025-10-01,Clothing,860.21,860.21
2025-10-02,Clothing,936.18,936.18
2025-10-03,Clothing,873.93,873.93
2025-10-04,Clothing,1289.15,1289.15
2025-10-05,Clothing,1311.28,1311.28
2025-10-06,Clothing,894.84,894.84
2025-10-07,Clothing,927.85,927.85
2025-10-08,Clothing,926.59,926.59
2025-10-09,Clothing,874.61,874.61
2025-10-10,Clothing,940.97,940.97
2025-10-11,Clothing,1298.53,1298.53
2025-10-12,Clothing,1232.69,1232.69
2025-10-13,Clothing,943.19,943.19
2025-10-14,Clothing,950.18,950.18
2025-10-15,Clothing,934.57,934.57
2025-10-16,Clothing,850.89,850.89
2025-10-17,Clothing,1024.88,1024.88
2025-10-18,Clothing,1415.68,1415.68
2025-10-19,Clothing,1419.15,1419.15
2025-10-20,Clothing,1009.01,1009.01
2025-10-21,Clothing,917.85,917.85
2025-10-22,Clothing,1004.37,1004.37
2025-10-23,Clothing,945.09,945.09
2025-10-24,Clothing,1135.74,1135.74
2025-10-25,Clothing,1381.65,1381.65
2025-10-26,Clothing,1458.4,1458.4
2025-10-27,Clothing,1203.525,1203.525
2025-10-28,Clothing,948.65,948.65
2025-10-29,Clothing,990.96,990.96
2025-10-30,Clothing,1069.02,1069.02
2025-10-31,Clothing,1063.43,1063.43
2025-11-01,Clothing,1468.2,1468.2
2025-11-02,Clothing,1345.06,1345.06
2025-11-03,Clothing,1109.53,1109.53
2025-11-04,Clothing,989.74,989.74
2025-11-05,Clothing,1145.89,1145.89
2025-11-06,Clothing,1164.57,1164.57
2025-11-07,Clothing,1105.8,1105.8
2025-11-08,Clothing,1547.51,1547.51
2025-11-09,Clothing,1417.77,1417.77
2025-11-10,Clothing,1221.87,1221.87
2025-11-11,Clothing,1083.63,1083.63
2025-11-12,Clothing,1134.09,1134.09
2025-11-13,Clothing,1026.13,1026.13
2025-11-14,Clothing,1077.21,1077.21
2025-11-15,Clothing,1453.06,1453.06
2025-11-16,Clothing,1514.9,1514.9
2025-11-17,Clothing,1092.38,1092.38
2025-11-18,Clothing,1110.2,1110.2
2025-11-19,Clothing,1181.97,1181.97
2025-11-20,Clothing,1130.42,1130.42
2025-11-21,Clothing,1119.51,1119.51
2025-11-22,Clothing,1560.92,1560.92
2025-11-23,Clothing,1683.97,1683.97
2025-11-24,Clothing,2168.02,2168.02
2025-11-25,Clothing,2280.73,2280.73
2025-11-26,Clothing,2098.36,2098.36
2025-11-27,Clothing,2169.89,2169.89
2025-11-28,Clothing,2253.64,2253.64
2025-11-29,Clothing,3238.71,2307.32
2025-11-30,Clothing,3438.1,2307.32
2025-12-01,Clothing,1846.87,1846.87
2025-12-02,Clothing,1605.49,1605.49
2025-12-03,Clothing,1636.87,1636.87
2025-12-04,Clothing,1697.02,1697.02
2025-12-05,Clothing,1814.31,1814.31
2025-12-06,Clothing,2533.73,2307.32
2025-12-07,Clothing,2491.35,2307.32
2025-12-08,Clothing,2083.675,2083.675
2025-12-09,Clothing,1676.0,1676.0
2025-12-10,Clothing,1569.65,1569.65
2025-12-11,Clothing,1642.53,1642.53
2025-12-12,Clothing,1764.21,1764.21
2025-12-13,Clothing,2554.17,2307.32
2025-12-14,Clothing,2434.04,2307.32
2025-12-15,Clothing,1756.37,1756.37
2025-12-16,Clothing,1851.07,1851.07
2025-12-17,Clothing,1766.81,1766.81
2025-12-18,Clothing,1742.07,1742.07
2025-12-19,Clothing,1800.52,1800.52
2025-12-20,Clothing,2574.29,2307.32
2025-12-21,Clothing,2552.11,2307.32
2025-12-22,Clothing,1741.26,1741.26
2025-12-23,Clothing,1750.95,1750.95
2025-12-24,Clothing,1784.78,1784.78
2025-12-25,Clothing,1162.49,1162.49
2025-12-26,Clothing,1277.29,1277.29
2025-12-27,Clothing,1743.16,1743.16
2025-12-28,Clothing,1757.3,1757.3
2025-12-29,Clothing,1324.18,1324.18
2025-12-30,Clothing,1298.9,1298.9
2025-12-31,Clothing,1290.81,1290.81
2024-01-01,Electronics,1582.87,1582.87
2024-01-02,Electronics,1455.83,1455.83
2024-01-03,Electronics,1488.02,1488.02
2024-01-04,Electronics,1512.68,1512.68
2024-01-05,Electronics,1763.2,1763.2
2024-01-06,Electronics,2013.72,2013.72
2024-01-07,Electronics,2015.93,2015.93
2024-01-08,Electronics,1390.8,1390.8
2024-01-09,Electronics,1558.9,1558.9
2024-01-10,Electronics,1535.53,1535.53
2024-01-11,Electronics,1463.55,1463.55
2024-01-12,Electronics,1492.27,1492.27
2024-01-13,Electronics,2058.15,2058.15
2024-01-14,Electronics,2013.71,2013.71
2024-01-15,Electronics,1491.94,1491.94
2024-01-16,Electronics,1420.44,1420.44
2024-01-17,Electronics,1541.96,1541.96
2024-01-18,Electronics,1517.08,1517.08
2024-01-19,Electronics,1526.98,1526.98
2024-01-20,Electronics,1944.67,1944.67
2024-01-21,Electronics,2136.02,2136.02
2024-01-22,Electronics,1521.85,1521.85
2024-01-23,Electronics,1489.88,1489.88
2024-01-24,Electronics,1635.28,1635.28
2024-01-25,Electronics,1511.14,1511.14
2024-01-26,Electronics,1427.08,1427.08
2024-01-27,Electronics,2014.5,2014.5
2024-01-28,Electronics,1901.4,1901.4
2024-01-29,Electronics,1577.29,1577.29
2024-01-30,Electronics,1489.24,1489.24
2024-01-31,Electronics,1469.48,1469.48
2024-02-01,Electronics,1578.1,1578.1
2024-02-02,Electronics,1414.32,1414.32
2024-02-03,Electronics,2067.65,2067.65
2024-02-04,Electronics,1910.71,1910.71
2024-02-05,Electronics,1472.02,1472.02
2024-02-06,Electronics,1438.79,1438.79
2024-02-07,Electronics,1597.96,1597.96
2024-02-08,Electronics,1615.32,1615.32
2024-02-09,Electronics,1488.62,1488.62
2024-02-10,Electronics,2076.93,2076.93
2024-02-11,Electronics,2013.94,2013.94
2024-02-12,Electronics,1539.05,1539.05
2024-02-13,Electronics,1458.49,1458.49
2024-02-14,Electronics,1399.77,1399.77
2024-02-15,Electronics,1461.0,1461.0
2024-02-16,Electronics,1522.23,1522.23
2024-02-17,Electronics,2146.76,2146.76
2024-02-18,Electronics,2025.55,2025.55
2024-02-19,Electronics,1462.64,1462.64
2024-02-20,Electronics,1483.585,1483.585
2024-02-21,Electronics,1504.53,1504.53
2024-02-22,Electronics,1494.36,1494.36
2024-02-23,Electronics,1501.33,1501.33
2024-02-24,Electronics,1984.11,1984.11
2024-02-25,Electronics,1970.24,1970.24
2024-02-26,Electronics,1393.33,1393.33
2024-02-27,Electronics,1507.12,1507.12
2024-02-28,Electronics,1468.87,1468.87
2024-02-29,Electronics,1543.6,1543.6
2024-03-01,Electronics,17367.36,3148.7650000000003
2024-03-02,Electronics,1852.89,1852.89
2024-03-03,Electronics,1957.38,1957.38
2024-03-04,Electronics,1563.14,1563.14
2024-03-05,Electronics,1435.28,1435.28
2024-03-06,Electronics,1401.95,1401.95
2024-03-07,Electronics,1380.72,1380.72
2024-03-08,Electronics,1386.26,1386.26
2024-03-09,Electronics,1919.98,1919.98
2024-03-10,Electronics,1862.67,1862.67
2024-03-11,Electronics,1529.53,1529.53
2024-03-12,Electronics,1419.4,1419.4
2024-03-13,Electronics,1439.51,1439.51
2024-03-14,Electronics,1515.86,1515.86
2024-03-15,Electronics,1516.28,1516.28
2024-03-16,Electronics,1891.92,1891.92
2024-03-17,Electronics,1919.55,1919.55
2024-03-18,Electronics,1459.42,1459.42
2024-03-19,Electronics,1400.05,1400.05
2024-03-20,Electronics,1301.21,1301.21
2024-03-21,Electronics,1443.38,1443.38
2024-03-22,Electronics,1453.93,1453.93
2024-03-23,Electronics,1892.84,1892.84
2024-03-24,Electronics,1806.99,1806.99
2024-03-25,Electronics,1376.74,1376.74
2024-03-26,Electronics,1349.05,1349.05
2024-03-27,Electronics,1362.47,1362.47
2024-03-28,Electronics,1454.19,1454.19
2024-03-29,Electronics,1464.03,1464.03
2024-03-30,Electronics,1868.41,1868.41
2024-03-31,Electronics,1855.3,1855.3
2024-04-01,Electronics,1400.29,1400.29
2024-04-02,Electronics,1354.7,1354.7
2024-04-03,Electronics,1346.61,1346.61
2024-04-04,Electronics,1306.42,1306.42
2024-04-05,Electronics,1339.15,1339.15
2024-04-06,Electronics,1921.93,1921.93
2024-04-07,Electronics,1832.35,1832.35
2024-04-08,Electronics,1564.475,1564.475
2024-04-09,Electronics,1296.6,1296.6
2024-04-10,Electronics,1268.6,1268.6
2024-04-11,Electronics,1338.47,1338.47
2024-04-12,Electronics,1335.01,1335.01
2024-04-13,Electronics,1656.26,1656.26
2024-04-14,Electronics,1765.73,1765.73
2024-04-15,Electronics,1263.82,1263.82
2024-04-16,Electronics,1379.06,1379.06
2024-04-17,Electronics,1298.32,1298.32
2024-04-18,Electronics,1387.42,1387.42
2024-04-19,Electronics,1252.32,1252.32
2024-04-20,Electronics,1481.21,1481.21
2024-04-21,Electronics,1710.1,1710.1
2024-04-22,Electronics,1329.47,1329.47
2024-04-23,Electronics,1295.51,1295.51
2024-04-24,Electronics,1182.98,1182.98
2024-04-25,Electronics,1263.41,1263.41
2024-04-26,Electronics,1249.21,1249.21
2024-04-27,Electronics,1628.18,1628.18
2024-04-28,Electronics,1608.7,1608.7
2024-04-29,Electronics,1339.12,1339.12
2024-04-30,Electronics,1206.32,1206.32
2024-05-01,Electronics,1174.48,1174.48
2024-05-02,Electronics,1258.97,1258.97
2024-05-03,Electronics,1224.11,1224.11
2024-05-04,Electronics,1605.35,1605.35
2024-05-05,Electronics,1650.57,1650.57
2024-05-06,Electronics,1232.26,1232.26
2024-05-07,Electronics,1220.28,1220.28
2024-05-08,Electronics,1252.02,1252.02
2024-05-09,Electronics,1206.84,1206.84
2024-05-10,Electronics,1148.48,1148.48
2024-05-11,Electronics,1545.36,1545.36
2024-05-12,Electronics,1529.87,1529.87
2024-05-13,Electronics,1185.27,1185.27
2024-05-14,Electronics,1103.8,1103.8
2024-05-15,Electronics,1054.36,1054.36
2024-05-16,Electronics,1165.45,1165.45
2024-05-17,Electronics,1075.87,1075.87
2024-05-18,Electronics,1409.09,1409.09
2024-05-19,Electronics,1542.96,1542.96
2024-05-20,Electronics,1101.31,1101.31
2024-05-21,Electronics,1169.8,1169.8
2024-05-22,Electronics,1104.27,1104.27
2024-05-23,Electronics,1064.95,1064.95
2024-05-24,Electronics,1053.84,1053.84
2024-05-25,Electronics,1456.98,1456.98
2024-05-26,Electronics,1466.24,1466.24
2024-05-27,Electronics,1067.89,1067.89
2024-05-28,Electronics,1096.81,1096.81
2024-05-29,Electronics,1017.95,1017.95
2024-05-30,Electronics,1107.47,1107.47
2024-05-31,Electronics,995.52,995.52
2024-06-01,Electronics,1441.09,1441.09
2024-06-02,Electronics,1489.83,1489.83
2024-06-03,Electronics,1158.61,1158.61
2024-06-04,Electronics,1192.73,1192.73
2024-06-05,Electronics,993.32,993.32
2024-06-06,Electronics,1073.1200000000001,1073.1200000000001
2024-06-07,Electronics,1152.92,1152.92
2024-06-08,Electronics,1480.15,1480.15
2024-06-09,Electronics,1361.41,1361.41
2024-06-10,Electronics,1096.5,1096.5
2024-06-11,Electronics,1180.61,1180.61
2024-06-12,Electronics,976.45,976.45
2024-06-13,Electronics,1092.22,1092.22
2024-06-14,Electronics,1127.79,1127.79
2024-06-15,Electronics,1352.38,1352.38
2024-06-16,Electronics,1425.65,1425.65
2024-06-17,Electronics,989.49,989.49
2024-06-18,Electronics,1002.72,1002.72
2024-06-19,Electronics,1000.2,1000.2
2024-06-20,Electronics,1058.62,1058.62
2024-06-21,Electronics,1039.56,1039.56
2024-06-22,Electronics,1429.0,1429.0
2024-06-23,Electronics,1312.54,1312.54
2024-06-24,Electronics,1031.4,1031.4
2024-06-25,Electronics,1095.18,1095.18
2024-06-26,Electronics,1069.49,1069.49
2024-06-27,Electronics,954.76,954.76
2024-06-28,Electronics,1072.64,1072.64
2024-06-29,Electronics,1325.73,1325.73
2024-06-30,Electronics,1375.52,1375.52
2024-07-01,Electronics,1046.7,1046.7
2024-07-02,Electronics,1100.63,1100.63
2024-07-03,Electronics,1033.36,1033.36
2024-07-04,Electronics,914.12,914.12
2024-07-05,Electronics,942.22,942.22
2024-07-06,Electronics,1386.41,1386.41
2024-07-07,Electronics,1325.8,1325.8
2024-07-08,Electronics,1090.4,1090.4
2024-07-09,Electronics,1037.93,1037.93
2024-07-10,Electronics,976.08,976.08
2024-07-11,Electronics,973.955,973.955
2024-07-12,Electronics,971.83,971.83
2024-07-13,Electronics,1213.14,1213.14
2024-07-14,Electronics,1459.7,1459.7
2024-07-15,Electronics,905.16,905.16
2024-07-16,Electronics,1058.0,1058.0
2024-07-17,Electronics,1076.26,1076.26
2024-07-18,Electronics,1028.95,1028.95
2024-07-19,Electronics,919.41,919.41
2024-07-20,Electronics,1396.75,1396.75
2024-07-21,Electronics,1249.77,1249.77
2024-07-22,Electronics,941.18,941.18
2024-07-23,Electronics,1000.74,1000.74
2024-07-24,Electronics,1070.48,1070.48
2024-07-25,Electronics,1042.0,1042.0
2024-07-26,Electronics,1073.54,1073.54
2024-07-27,Electronics,1314.66,1314.66
2024-07-28,Electronics,1332.2,1332.2
2024-07-29,Electronics,959.92,959.92
2024-07-30,Electronics,1010.4,1010.4
2024-07-31,Electronics,1066.35,1066.35
2024-08-01,Electronics,1014.21,1014.21
2024-08-02,Electronics,1062.25,1062.25
2024-08-03,Electronics,1318.16,1318.16
2024-08-04,Electronics,1319.09,1319.09
2024-08-05,Electronics,1041.17,1041.17
2024-08-06,Electronics,1029.0,1029.0
2024-08-07,Electronics,1078.19,1078.19
2024-08-08,Electronics,1055.39,1055.39
2024-08-09,Electronics,1151.24,1151.24
2024-08-10,Electronics,1356.41,1356.41
2024-08-11,Electronics,1358.84,1358.84
2024-08-12,Electronics,991.31,991.31
2024-08-13,Electronics,1057.55,1057.55
2024-08-14,Electronics,1099.7,1099.7
2024-08-15,Electronics,1016.94,1016.94
2024-08-16,Electronics,1061.09,1061.09
2024-08-17,Electronics,1435.28,1435.28
2024-08-18,Electronics,1388.22,1388.22
2024-08-19,Electronics,1041.53,1041.53
2024-08-20,Electronics,1134.1,1134.1
2024-08-21,Electronics,1084.64,1084.64
2024-08-22,Electronics,1105.8,1105.8
2024-08-23,Electronics,1155.55,1155.55
2024-08-24,Electronics,1488.78,1488.78
2024-08-25,Electronics,1403.62,1403.62
2024-08-26,Electronics,1063.98,1063.98
2024-08-27,Electronics,1116.12,1116.12
2024-08-28,Electronics,1094.73,1094.73
2024-08-29,Electronics,992.41,992.41
2024-08-30,Electronics,1186.7,1186.7
2024-08-31,Electronics,1454.06,1454.06
2024-09-01,Electronics,1502.15,1502.15
2024-09-02,Electronics,1051.54,1051.54
2024-09-03,Electronics,1203.25,1203.25
2024-09-04,Electronics,1094.78,1094.78
2024-09-05,Electronics,1074.595,1074.595
2024-09-06,Electronics,1054.41,1054.41
2024-09-07,Electronics,1480.26,1480.26
2024-09-08,Electronics,1482.17,1482.17
2024-09-09,Electronics,1140.47,1140.47
2024-09-10,Electronics,1182.38,1182.38
2024-09-11,Electronics,1164.24,1164.24
2024-09-12,Electronics,1223.76,1223.76
2024-09-13,Electronics,1141.78,1141.78
2024-09-14,Electronics,1471.95,1471.95
2024-09-15,Electronics,1536.79,1536.79
2024-09-16,Electronics,1221.86,1221.86
2024-09-17,Electronics,1263.7,1263.7
2024-09-18,Electronics,1242.77,1242.77
2024-09-19,Electronics,1092.97,1092.97
2024-09-20,Electronics,1226.53,1226.53
2024-09-21,Electronics,1664.29,1664.29
2024-09-22,Electronics,1587.09,1587.09
2024-09-23,Electronics,1188.25,1188.25
2024-09-24,Electronics,1242.94,1242.94
2024-09-25,Electronics,1199.42,1199.42
2024-09-26,Electronics,1273.23,1273.23
2024-09-27,Electronics,1239.4,1239.4
2024-09-28,Electronics,1708.12,1708.12
2024-09-29,Electronics,1661.55,1661.55
2024-09-30,Electronics,1212.86,1212.86
2024-10-01,Electronics,1298.01,1298.01
2024-10-02,Electronics,1323.36,1323.36
2024-10-03,Electronics,1238.59,1238.59
2024-10-04,Electronics,1252.67,1252.67
2024-10-05,Electronics,1536.4,1536.4
2024-10-06,Electronics,1736.23,1736.23
2024-10-07,Electronics,1259.68,1259.68
2024-10-08,Electronics,1173.22,1173.22
2024-10-09,Electronics,1200.08,1200.08
2024-10-10,Electronics,1298.48,1298.48
2024-10-11,Electronics,1363.18,1363.18
2024-10-12,Electronics,1721.16,1721.16
2024-10-13,Electronics,1762.31,1762.31
2024-10-14,Electronics,1268.56,1268.56
2024-10-15,Electronics,1259.9,1259.9
2024-10-16,Electronics,1399.26,1399.26
2024-10-17,Electronics,1381.39,1381.39
2024-10-18,Electronics,1355.79,1355.79
2024-10-19,Electronics,1856.16,1856.16
2024-10-20,Electronics,1729.73,1729.73
2024-10-21,Electronics,1349.69,1349.69
2024-10-22,Electronics,1442.25,1442.25
2024-10-23,Electronics,1496.7,1496.7
2024-10-24,Electronics,1392.69,1392.69
2024-10-25,Electronics,1498.72,1498.72
2024-10-26,Electronics,1796.05,1796.05
2024-10-27,Electronics,1859.53,1859.53
2024-10-28,Electronics,1592.565,1592.565
2024-10-29,Electronics,1325.6,1325.6
2024-10-30,Electronics,1406.94,1406.94
2024-10-31,Electronics,1488.28,1488.28
2024-11-01,Electronics,1429.1,1429.1
2024-11-02,Electronics,1880.46,1880.46
2024-11-03,Electronics,1975.68,1975.68
2024-11-04,Electronics,1379.96,1379.96
2024-11-05,Electronics,1370.7,1370.7
2024-11-06,Electronics,1426.9,1426.9
2024-11-07,Electronics,1399.91,1399.91
2024-11-08,Electronics,1558.03,1558.03
2024-11-09,Electronics,1954.58,1954.58
2024-11-10,Electronics,1891.35,1891.35
2024-11-11,Electronics,1456.83,1456.83
2024-11-12,Electronics,1670.79,1670.79
2024-11-13,Electronics,1467.91,1467.91
2024-11-14,Electronics,1464.15,1464.15
2024-11-15,Electronics,1533.45,1533.45
2024-11-16,Electronics,2023.74,2023.74
2024-11-17,Electronics,2005.62,2005.62
2024-11-18,Electronics,1476.42,1476.42
2024-11-19,Electronics,1466.55,1466.55
2024-11-20,Electronics,1577.0,1577.0
2024-11-21,Electronics,1543.06,1543.06
2024-11-22,Electronics,1452.86,1452.86
2024-11-23,Electronics,2102.64,2102.64
2024-11-24,Electronics,4295.82,3148.7650000000003
2024-11-25,Electronics,3194.25,3148.7650000000003
2024-11-26,Electronics,3203.02,3148.7650000000003
2024-11-27,Electronics,3242.35,3148.7650000000003
2024-11-28,Electronics,3196.95,3148.7650000000003
2024-11-29,Electronics,3166.87,3148.7650000000003
2024-11-30,Electronics,4346.48,3148.7650000000003
2024-12-01,Electronics,3124.5,3124.5
2024-12-02,Electronics,2460.83,2460.83
2024-12-03,Electronics,2357.69,2357.69
2024-12-04,Electronics,2444.89,2444.89
2024-12-05,Electronics,2449.28,2449.28
2024-12-06,Electronics,2570.86,2570.86
2024-12-07,Electronics,3199.42,3148.7650000000003
2024-12-08,Electronics,3186.65,3148.7650000000003
2024-12-09,Electronics,2443.98,2443.98
2024-12-10,Electronics,2421.4,2421.4
2024-12-11,Electronics,2459.4,2459.4
2024-12-12,Electronics,2525.89,2525.89
2024-12-13,Electronics,2552.7,2552.7
2024-12-14,Electronics,3417.71,3148.7650000000003
2024-12-15,Electronics,3281.18,3148.7650000000003
2024-12-16,Electronics,2681.25,2681.25
2024-12-17,Electronics,2647.16,2647.16
2024-12-18,Electronics,2521.18,2521.18
2024-12-19,Electronics,2400.96,2400.96
2024-12-20,Electronics,2538.39,2538.39
2024-12-21,Electronics,3369.85,3148.7650000000003
2024-12-22,Electronics,3233.65,3148.7650000000003
2024-12-23,Electronics,2561.86,2561.86
2024-12-24,Electronics,2549.85,2549.85
2024-12-25,Electronics,1637.49,1637.49
2024-12-26,Electronics,1725.07,1725.07
2024-12-27,Electronics,1750.55,1750.55
2024-12-28,Electronics,2180.23,2180.23
2024-12-29,Electronics,2226.46,2226.46
2024-12-30,Electronics,1658.72,1658.72
2024-12-31,Electronics,1653.25,1653.25
2025-01-01,Electronics,1705.81,1705.81
2025-01-02,Electronics,1734.79,1734.79
2025-01-03,Electronics,1671.85,1671.85
2025-01-04,Electronics,2095.26,2095.26
2025-01-05,Electronics,2265.84,2265.84
2025-01-06,Electronics,1616.14,1616.14
2025-01-07,Electronics,1721.17,1721.17
2025-01-08,Electronics,1822.43,1822.43
2025-01-09,Electronics,1716.43,1716.43
2025-01-10,Electronics,1647.71,1647.71
2025-01-11,Electronics,2156.28,2156.28
2025-01-12,Electronics,2315.98,2315.98
2025-01-13,Electronics,1722.55,1722.55
2025-01-14,Electronics,1757.26,1757.26
2025-01-15,Electronics,1781.68,1781.68
2025-01-16,Electronics,1724.3,1724.3
2025-01-17,Electronics,1709.77,1709.77
2025-01-18,Electronics,2197.21,2197.21
2025-01-19,Electronics,2070.06,2070.06
2025-01-20,Electronics,1639.81,1639.81
2025-01-21,Electronics,1727.41,1727.41
2025-01-22,Electronics,1721.67,1721.67
2025-01-23,Electronics,1756.92,1756.92
2025-01-24,Electronics,1725.53,1725.53
2025-01-25,Electronics,2267.84,2267.84
2025-01-26,Electronics,2305.67,2305.67
2025-01-27,Electronics,1680.77,1680.77
2025-01-28,Electronics,1716.72,1716.72
2025-01-29,Electronics,1754.46,1754.46
2025-01-30,Electronics,1792.2,1792.2
2025-01-31,Electronics,1735.94,1735.94
2025-02-01,Electronics,2286.04,2286.04
2025-02-02,Electronics,2348.49,2348.49
2025-02-03,Electronics,1797.3,1797.3
2025-02-04,Electronics,1728.38,1728.38
2025-02-05,Electronics,1778.62,1778.62
2025-02-06,Electronics,1644.74,1644.74
2025-02-07,Electronics,1755.87,1755.87
2025-02-08,Electronics,2257.58,2257.58
2025-02-09,Electronics,2150.63,2150.63
2025-02-10,Electronics,1807.16,1807.16
2025-02-11,Electronics,1683.54,1683.54
2025-02-12,Electronics,1765.56,1765.56
2025-02-13,Electronics,1698.06,1698.06
2025-02-14,Electronics,1781.48,1781.48
2025-02-15,Electronics,2314.96,2314.96
2025-02-16,Electronics,2184.12,2184.12
2025-02-17,Electronics,1625.39,1625.39
2025-02-18,Electronics,1707.62,1707.62
2025-02-19,Electronics,1764.65,1764.65
2025-02-20,Electronics,1689.56,1689.56
2025-02-21,Electronics,1673.08,1673.08
2025-02-22,Electronics,2247.14,2247.14
2025-02-23,Electronics,2049.11,2049.11
2025-02-24,Electronics,1663.71,1663.71
2025-02-25,Electronics,1618.32,1618.32
2025-02-26,Electronics,1716.71,1716.71
2025-02-27,Electronics,1652.45,1652.45
2025-02-28,Electronics,1627.25,1627.25
2025-03-01,Electronics,2173.21,2173.21
2025-03-02,Electronics,2102.6,2102.6
2025-03-03,Electronics,1685.54,1685.54
2025-03-04,Electronics,1642.64,1642.64
2025-03-05,Electronics,1658.12,1658.12
2025-03-06,Electronics,1634.86,1634.86
2025-03-07,Electronics,1729.68,1729.68
2025-03-08,Electronics,2159.86,2159.86
2025-03-09,Electronics,2193.5,2193.5
2025-03-10,Electronics,1694.51,1694.51
2025-03-11,Electronics,1614.16,1614.16
2025-03-12,Electronics,1693.47,1693.47
2025-03-13,Electronics,1676.91,1676.91
2025-03-14,Electronics,1671.41,1671.41
2025-03-15,Electronics,2110.26,2110.26
2025-03-16,Electronics,2103.66,2103.66
2025-03-17,Electronics,1689.28,1689.28
2025-03-18,Electronics,1769.47,1769.47
2025-03-19,Electronics,1585.11,1585.11
2025-03-20,Electronics,1663.29,1663.29
2025-03-21,Electronics,1605.51,1605.51
2025-03-22,Electronics,2145.43,2145.43
2025-03-23,Electronics,2119.25,2119.25
2025-03-24,Electronics,1679.6,1679.6
2025-03-25,Electronics,1444.38,1444.38
2025-03-26,Electronics,1572.04,1572.04
2025-03-27,Electronics,1544.81,1544.81
2025-03-28,Electronics,1593.58,1593.58
2025-03-29,Electronics,2016.0,2016.0
2025-03-30,Electronics,2015.2,2015.2
2025-03-31,Electronics,1628.61,1628.61
2025-04-01,Electronics,1697.63,1697.63
2025-04-02,Electronics,1409.86,1409.86
2025-04-03,Electronics,1556.41,1556.41
2025-04-04,Electronics,1589.48,1589.48
2025-04-05,Electronics,2018.38,2018.38
2025-04-06,Electronics,1991.33,1991.33
2025-04-07,Electronics,1476.54,1476.54
2025-04-08,Electronics,1496.8,1496.8
2025-04-09,Electronics,1592.45,1592.45
2025-04-10,Electronics,1609.06,1609.06
2025-04-11,Electronics,1545.87,1545.87
2025-04-12,Electronics,1924.82,1924.82
2025-04-13,Electronics,1974.47,1974.47
2025-04-14,Electronics,1512.22,1512.22
2025-04-15,Electronics,1554.85,1554.85
2025-04-16,Electronics,1524.68,1524.68
2025-04-17,Electronics,1475.74,1475.74
2025-04-18,Electronics,1519.95,1519.95
2025-04-19,Electronics,1860.04,1860.04
2025-04-20,Electronics,1973.65,1973.65
2025-04-21,Electronics,1565.78,1565.78
2025-04-22,Electronics,1419.57,1419.57
2025-04-23,Electronics,1510.98,1510.98
2025-04-24,Electronics,1421.68,1421.68
2025-04-25,Electronics,1540.89,1540.89
2025-04-26,Electronics,1940.48,1940.48
2025-04-27,Electronics,1866.06,1866.06
2025-04-28,Electronics,1522.63,1522.63
2025-04-29,Electronics,1432.53,1432.53
2025-04-30,Electronics,1415.28,1415.28
2025-05-01,Electronics,1415.22,1415.22
2025-05-02,Electronics,1436.39,1436.39
2025-05-03,Electronics,1822.58,1822.58
2025-05-04,Electronics,1844.99,1844.99
2025-05-05,Electronics,1394.5,1394.5
2025-05-06,Electronics,1472.85,1472.85
2025-05-07,Electronics,1483.8,1483.8
2025-05-08,Electronics,1388.39,1388.39
2025-05-09,Electronics,1328.14,1328.14
2025-05-10,Electronics,1842.2,1842.2
2025-05-11,Electronics,1861.03,1861.03
2025-05-12,Electronics,1391.0,1391.0
2025-05-13,Electronics,1319.33,1319.33
2025-05-14,Electronics,1408.29,1408.29
2025-05-15,Electronics,1479.56,1479.56
2025-05-16,Electronics,1271.32,1271.32
2025-05-17,Electronics,1785.93,1785.93
2025-05-18,Electronics,1732.69,1732.69
2025-05-19,Electronics,1320.25,1320.25
2025-05-20,Electronics,1397.46,1397.46
2025-05-21,Electronics,1285.65,1285.65
2025-05-22,Electronics,1377.45,1377.45
2025-05-23,Electronics,1434.52,1434.52
2025-05-24,Electronics,1728.73,1728.73
2025-05-25,Electronics,1660.19,1660.19
2025-05-26,Electronics,1237.53,1237.53
2025-05-27,Electronics,1263.65,1263.65
2025-05-28,Electronics,1226.42,1226.42
2025-05-29,Electronics,1429.26,1429.26
2025-05-30,Electronics,1314.74,1314.74
2025-05-31,Electronics,1619.3,1619.3
2025-06-01,Electronics,1599.23,1599.23
2025-06-02,Electronics,1255.3,1255.3
2025-06-03,Electronics,1295.84,1295.84
2025-06-04,Electronics,1235.74,1235.74
2025-06-05,Electronics,1248.595,1248.595
2025-06-06,Electronics,1261.45,1261.45
2025-06-07,Electronics,1602.52,1602.52
2025-06-08,Electronics,1663.62,1663.62
2025-06-09,Electronics,1384.2,1384.2
2025-06-10,Electronics,1373.68,1373.68
2025-06-11,Electronics,1262.12,1262.12
2025-06-12,Electronics,1303.93,1303.93
2025-06-13,Electronics,1294.84,1294.84
2025-06-14,Electronics,1652.86,1652.86
2025-06-15,Electronics,1632.72,1632.72
2025-06-16,Electronics,1221.52,1221.52
2025-06-17,Electronics,1200.1,1200.1
2025-06-18,Electronics,1283.88,1283.88
2025-06-19,Electronics,1200.04,1200.04
2025-06-20,Electronics,1350.62,1350.62
2025-06-21,Electronics,1599.65,1599.65
2025-06-22,Electronics,1532.69,1532.69
2025-06-23,Electronics,1243.33,1243.33
2025-06-24,Electronics,1230.27,1230.27
2025-06-25,Electronics,1251.0,1251.0
2025-06-26,Electronics,1313.87,1313.87
2025-06-27,Electronics,1168.77,1168.77
2025-06-28,Electronics,1466.39,1466.39
2025-06-29,Electronics,1596.47,1596.47
2025-06-30,Electronics,1240.25,1240.25
2025-07-01,Electronics,1259.33,1259.33
2025-07-02,Electronics,1274.94,1274.94
2025-07-03,Electronics,1236.21,1236.21
2025-07-04,Electronics,1293.95,1293.95
2025-07-05,Electronics,1511.39,1511.39
2025-07-06,Electronics,1567.36,1567.36
2025-07-07,Electronics,1193.32,1193.32
2025-07-08,Electronics,1174.6,1174.6
2025-07-09,Electronics,1278.65,1278.65
2025-07-10,Electronics,1275.27,1275.27
2025-07-11,Electronics,1124.1,1124.1
2025-07-12,Electronics,1489.77,1489.77
2025-07-13,Electronics,1573.95,1573.95
2025-07-14,Electronics,1303.84,1303.84
2025-07-15,Electronics,1199.51,1199.51
2025-07-16,Electronics,1228.37,1228.37
2025-07-17,Electronics,1154.62,1154.62
2025-07-18,Electronics,1390.18,1390.18
2025-07-19,Electronics,1583.49,1583.49
2025-07-20,Electronics,1608.83,1608.83
2025-07-21,Electronics,1279.87,1279.87
2025-07-22,Electronics,1296.84,1296.84
2025-07-23,Electronics,1277.89,1277.89
2025-07-24,Electronics,1221.93,1221.93
2025-07-25,Electronics,1287.41,1287.41
2025-07-26,Electronics,1563.47,1563.47
2025-07-27,Electronics,1637.54,1637.54
2025-07-28,Electronics,1201.36,1201.36
2025-07-29,Electronics,1214.1,1214.1
2025-07-30,Electronics,1287.42,1287.42
2025-07-31,Electronics,1325.79,1325.79
2025-08-01,Electronics,1259.07,1259.07
2025-08-02,Electronics,1525.59,1525.59
2025-08-03,Electronics,1563.05,1563.05
2025-08-04,Electronics,1225.04,1225.04
2025-08-05,Electronics,1370.44,1370.44
2025-08-06,Electronics,1312.34,1312.34
2025-08-07,Electronics,1336.16,1336.16
2025-08-08,Electronics,1280.34,1280.34
2025-08-09,Electronics,1550.43,1550.43
2025-08-10,Electronics,1656.8,1656.8
2025-08-11,Electronics,1481.3249999999998,1481.3249999999998
2025-08-12,Electronics,1305.85,1305.85
2025-08-13,Electronics,1271.86,1271.86
2025-08-14,Electronics,1340.64,1340.64
2025-08-15,Electronics,1256.06,1256.06
2025-08-16,Electronics,1650.64,1650.64
2025-08-17,Electronics,1565.52,1565.52
2025-08-18,Electronics,1228.24,1228.24
2025-08-19,Electronics,1323.32,1323.32
2025-08-20,Electronics,1312.56,1312.56
2025-08-21,Electronics,1409.57,1409.57
2025-08-22,Electronics,1281.61,1281.61
2025-08-23,Electronics,1632.58,1632.58
2025-08-24,Electronics,1566.97,1566.97
2025-08-25,Electronics,1196.05,1196.05
2025-08-26,Electronics,1204.77,1204.77
2025-08-27,Electronics,1342.89,1342.89
2025-08-28,Electronics,1248.07,1248.07
2025-08-29,Electronics,1389.91,1389.91
2025-08-30,Electronics,1747.97,1747.97
2025-08-31,Electronics,1650.39,1650.39
2025-09-01,Electronics,1433.13,1433.13
2025-09-02,Electronics,1351.17,1351.17
2025-09-03,Electronics,1409.01,1409.01
2025-09-04,Electronics,1332.02,1332.02
2025-09-05,Electronics,1487.0900000000001,1487.0900000000001
2025-09-06,Electronics,1642.16,1642.16
2025-09-07,Electronics,1741.64,1741.64
2025-09-08,Electronics,1334.85,1334.85
2025-09-09,Electronics,1358.93,1358.93
2025-09-10,Electronics,1409.09,1409.09
2025-09-11,Electronics,1386.04,1386.04
2025-09-12,Electronics,1584.4,1584.4
2025-09-13,Electronics,1782.76,1782.76
2025-09-14,Electronics,1793.36,1793.36
2025-09-15,Electronics,1311.08,1311.08
2025-09-16,Electronics,1432.48,1432.48
2025-09-17,Electronics,1444.02,1444.02
2025-09-18,Electronics,1363.52,1363.52
2025-09-19,Electronics,1436.69,1436.69
2025-09-20,Electronics,1703.64,1703.64
2025-09-21,Electronics,1876.01,1876.01
2025-09-22,Electronics,1414.31,1414.31
2025-09-23,Electronics,1428.95,1428.95
2025-09-24,Electronics,1510.65,1510.65
2025-09-25,Electronics,1435.43,1435.43
2025-09-26,Electronics,1485.15,1485.15
2025-09-27,Electronics,1767.36,1767.36
2025-09-28,Electronics,1802.96,1802.96
2025-09-29,Electronics,1381.57,1381.57
2025-09-30,Electronics,1458.0,1458.0
2025-10-01,Electronics,1537.76,1537.76
2025-10-02,Electronics,1494.75,1494.75
2025-10-03,Electronics,1539.86,1539.86
2025-10-04,Electronics,1818.21,1818.21
2025-10-05,Electronics,1834.04,1834.04
2025-10-06,Electronics,1475.44,1475.44
2025-10-07,Electronics,1543.3,1543.3
2025-10-08,Electronics,1535.93,1535.93
2025-10-09,Electronics,1519.25,1519.25
2025-10-10,Electronics,1563.16,1563.16
2025-10-11,Electronics,1922.1,1922.1
2025-10-12,Electronics,1937.34,1937.34
2025-10-13,Electronics,1621.12,1621.12
2025-10-14,Electronics,1513.36,1513.36
2025-10-15,Electronics,1565.21,1565.21
2025-10-16,Electronics,1656.7,1656.7
2025-10-17,Electronics,1571.83,1571.83
2025-10-18,Electronics,2026.11,2026.11
2025-10-19,Electronics,1954.87,1954.87
2025-10-20,Electronics,1700.37,1700.37
2025-10-21,Electronics,1453.76,1453.76
2025-10-22,Electronics,1526.44,1526.44
2025-10-23,Electronics,1537.04,1537.04
2025-10-24,Electronics,1703.22,1703.22
2025-10-25,Electronics,2057.83,2057.83
2025-10-26,Electronics,2028.51,2028.51
2025-10-27,Electronics,1546.39,1546.39
2025-10-28,Electronics,1650.89,1650.89
2025-10-29,Electronics,1641.62,1641.62
2025-10-30,Electronics,1598.92,1598.92
2025-10-31,Electronics,1556.72,1556.72
2025-11-01,Electronics,2023.21,2023.21
2025-11-02,Electronics,2109.65,2109.65
2025-11-03,Electronics,1681.92,1681.92
2025-11-04,Electronics,1673.3,1673.3
2025-11-05,Electronics,1665.45,1665.45
2025-11-06,Electronics,1574.03,1574.03
2025-11-07,Electronics,1688.67,1688.67
2025-11-08,Electronics,2079.15,2079.15
2025-11-09,Electronics,2150.87,2150.87
2025-11-10,Electronics,1730.26,1730.26
2025-11-11,Electronics,1667.3,1667.3
2025-11-12,Electronics,1651.92,1651.92
2025-11-13,Electronics,1778.34,1778.34
2025-11-14,Electronics,1745.22,1745.22
2025-11-15,Electronics,2152.95,2152.95
2025-11-16,Electronics,1945.04,1945.04
2025-11-17,Electronics,1737.13,1737.13
2025-11-18,Electronics,1783.08,1783.08
2025-11-19,Electronics,1817.83,1817.83
2025-11-20,Electronics,1715.03,1715.03
2025-11-21,Electronics,1722.25,1722.25
2025-11-22,Electronics,2212.29,2212.29
2025-11-23,Electronics,2295.73,2295.73
2025-11-24,Electronics,3337.62,3148.7650000000003
2025-11-25,Electronics,3411.48,3148.7650000000003
2025-11-26,Electronics,3372.76,3148.7650000000003
2025-11-27,Electronics,3454.35,3148.7650000000003
2025-11-28,Electronics,3354.78,3148.7650000000003
2025-11-29,Electronics,4543.98,3148.7650000000003
2025-11-30,Electronics,4504.35,3148.7650000000003
2025-12-01,Electronics,3593.005,3148.7650000000003
2025-12-02,Electronics,2681.66,2681.66
2025-12-03,Electronics,2725.61,2725.61
2025-12-04,Electronics,2561.94,2561.94
2025-12-05,Electronics,2730.65,2730.65
2025-12-06,Electronics,3499.42,3148.7650000000003
2025-12-07,Electronics,3456.79,3148.7650000000003
2025-12-08,Electronics,2774.13,2774.13
2025-12-09,Electronics,2707.49,2707.49
2025-12-10,Electronics,2779.95,2779.95
2025-12-11,Electronics,2672.85,2672.85
2025-12-12,Electronics,2662.38,2662.38
2025-12-13,Electronics,3596.28,3148.7650000000003
2025-12-14,Electronics,3660.2,3148.7650000000003
2025-12-15,Electronics,2769.64,2769.64
2025-12-16,Electronics,2790.6,2790.6
2025-12-17,Electronics,2714.1,2714.1
2025-12-18,Electronics,2668.31,2668.31
2025-12-19,Electronics,2739.44,2739.44
2025-12-20,Electronics,3662.39,3148.7650000000003
2025-12-21,Electronics,3467.19,3148.7650000000003
2025-12-22,Electronics,2738.06,2738.06
2025-12-23,Electronics,2657.59,2657.59
2025-12-24,Electronics,2783.52,2783.52
2025-12-25,Electronics,1953.77,1953.77
2025-12-26,Electronics,1829.67,1829.67
2025-12-27,Electronics,2397.52,2397.52
2025-12-28,Electronics,2505.14,2505.14
2025-12-29,Electronics,1907.2,1907.2
2025-12-30,Electronics,1840.74,1840.74
2025-12-31,Electronics,1838.64,1838.64
2024-01-01,Grocery,1874.37,1874.37
2024-01-02,Grocery,1842.91,1842.91
2024-01-03,Grocery,1994.81,1994.81
2024-01-04,Grocery,1818.49,1818.49
2024-01-05,Grocery,1823.8,1823.8
2024-01-06,Grocery,1996.93,1996.93
2024-01-07,Grocery,2064.04,2064.04
2024-01-08,Grocery,1891.62,1891.62
2024-01-09,Grocery,1929.94,1929.94
2024-01-10,Grocery,1856.18,1856.18
2024-01-11,Grocery,1767.05,1767.05
2024-01-12,Grocery,1891.51,1891.51
2024-01-13,Grocery,2119.14,2119.14
2024-01-14,Grocery,2063.78,2063.78
2024-01-15,Grocery,1867.66,1867.66
2024-01-16,Grocery,1910.29,1910.29
2024-01-17,Grocery,1963.26,1963.26
2024-01-18,Grocery,1873.98,1873.98
2024-01-19,Grocery,1793.27,1793.27
2024-01-20,Grocery,2032.53,2032.53
2024-01-21,Grocery,2056.77,2056.77
2024-01-22,Grocery,1771.35,1771.35
2024-01-23,Grocery,1925.66,1925.66
2024-01-24,Grocery,1833.41,1833.41
2024-01-25,Grocery,1909.8,1909.8
2024-01-26,Grocery,1890.75,1890.75
2024-01-27,Grocery,2047.37,2047.37
2024-01-28,Grocery,2163.18,2163.18
2024-01-29,Grocery,1843.96,1843.96
2024-01-30,Grocery,1836.6,1836.6
2024-01-31,Grocery,1893.73,1893.73
2024-02-01,Grocery,1925.61,1925.61
2024-02-02,Grocery,1874.1,1874.1
2024-02-03,Grocery,2000.8,2000.8
2024-02-04,Grocery,2099.84,2099.84
2024-02-05,Grocery,1906.75,1906.75
2024-02-06,Grocery,1993.56,1993.56
2024-02-07,Grocery,1854.27,1854.27
2024-02-08,Grocery,1878.65,1878.65
2024-02-09,Grocery,1830.06,1830.06
2024-02-10,Grocery,1958.35,1958.35
2024-02-11,Grocery,2049.93,2049.93
2024-02-12,Grocery,1909.18,1909.18
2024-02-13,Grocery,1795.17,1795.17
2024-02-14,Grocery,1813.18,1813.18
2024-02-15,Grocery,1780.75,1780.75
2024-02-16,Grocery,1929.25,1929.25
2024-02-17,Grocery,1991.89,1991.89
2024-02-18,Grocery,2061.68,2061.68
2024-02-19,Grocery,1788.83,1788.83
2024-02-20,Grocery,1842.34,1842.34
2024-02-21,Grocery,1797.31,1797.31
2024-02-22,Grocery,1690.89,1690.89
2024-02-23,Grocery,1833.24,1833.24
2024-02-24,Grocery,2038.41,2038.41
2024-02-25,Grocery,1878.0,1878.0
2024-02-26,Grocery,1808.01,1808.01
2024-02-27,Grocery,1788.98,1788.98
2024-02-28,Grocery,1746.6,1746.6
2024-02-29,Grocery,1792.5,1792.5
2024-03-01,Grocery,1687.38,1687.38
2024-03-02,Grocery,1993.67,1993.67
2024-03-03,Grocery,2045.39,2045.39
2024-03-04,Grocery,1716.11,1716.11
2024-03-05,Grocery,1783.74,1783.74
2024-03-06,Grocery,1868.95,1868.95
2024-03-07,Grocery,1786.46,1786.46
2024-03-08,Grocery,1743.61,1743.61
2024-03-09,Grocery,1891.29,1891.29
2024-03-10,Grocery,1951.58,1951.58
2024-03-11,Grocery,1753.14,1753.14
2024-03-12,Grocery,1794.3,1794.3
2024-03-13,Grocery,1660.42,1660.42
2024-03-14,Grocery,1811.43,1811.43
2024-03-15,Grocery,1717.69,1717.69
2024-03-16,Grocery,1947.68,1947.68
2024-03-17,Grocery,1860.22,1860.22
2024-03-18,Grocery,1648.92,1648.92
2024-03-19,Grocery,1687.61,1687.61
2024-03-20,Grocery,1659.15,1659.15
2024-03-21,Grocery,1688.64,1688.64
2024-03-22,Grocery,1744.66,1744.66
2024-03-23,Grocery,1933.51,1933.51
2024-03-24,Grocery,1874.98,1874.98
2024-03-25,Grocery,1765.885,1765.885
2024-03-26,Grocery,1656.79,1656.79
2024-03-27,Grocery,1713.8,1713.8
2024-03-28,Grocery,1740.79,1740.79
2024-03-29,Grocery,1647.53,1647.53
2024-03-30,Grocery,1817.98,1817.98
2024-03-31,Grocery,1774.03,1774.03
2024-04-01,Grocery,1661.97,1661.97
2024-04-02,Grocery,1701.11,1701.11
2024-04-03,Grocery,1463.45,1463.45
2024-04-04,Grocery,1647.18,1647.18
2024-04-05,Grocery,1592.84,1592.84
2024-04-06,Grocery,1640.27,1640.27
2024-04-07,Grocery,1792.11,1792.11
2024-04-08,Grocery,1602.42,1602.42
2024-04-09,Grocery,1558.025,1558.025
2024-04-10,Grocery,1513.63,1513.63
2024-04-11,Grocery,1717.68,1717.68
2024-04-12,Grocery,1589.94,1589.94
2024-04-13,Grocery,1712.19,1712.19
2024-04-14,Grocery,1817.4,1817.4
2024-04-15,Grocery,1603.87,1603.87
2024-04-16,Grocery,1608.49,1608.49
2024-04-17,Grocery,1622.08,1622.08
2024-04-18,Grocery,1421.75,1421.75
2024-04-19,Grocery,1639.96,1639.96
2024-04-20,Grocery,1663.87,1663.87
2024-04-21,Grocery,1694.94,1694.94
2024-04-22,Grocery,1576.41,1576.41
2024-04-23,Grocery,1472.05,1472.05
2024-04-24,Grocery,1527.61,1527.61
2024-04-25,Grocery,1548.06,1548.06
2024-04-26,Grocery,1493.54,1493.54
2024-04-27,Grocery,1666.13,1666.13
2024-04-28,Grocery,1533.23,1533.23
2024-04-29,Grocery,1405.85,1405.85
2024-04-30,Grocery,1402.17,1402.17
2024-05-01,Grocery,1487.26,1487.26
2024-05-02,Grocery,1683.4,1683.4
2024-05-03,Grocery,1468.45,1468.45
2024-05-04,Grocery,1579.86,1579.86
2024-05-05,Grocery,1578.14,1578.14
2024-05-06,Grocery,1493.38,1493.38
2024-05-07,Grocery,1471.17,1471.17
2024-05-08,Grocery,1353.51,1353.51
2024-05-09,Grocery,1477.34,1477.34
2024-05-10,Grocery,1408.93,1408.93
2024-05-11,Grocery,1591.41,1591.41
2024-05-12,Grocery,1415.83,1415.83
2024-05-13,Grocery,1299.42,1299.42
2024-05-14,Grocery,1422.71,1422.71
2024-05-15,Grocery,1273.09,1273.09
2024-05-16,Grocery,1398.79,1398.79
2024-05-17,Grocery,1390.01,1390.01
2024-05-18,Grocery,1506.48,1506.48
2024-05-19,Grocery,1512.91,1512.91
2024-05-20,Grocery,1368.9,1368.9
2024-05-21,Grocery,1374.33,1374.33
2024-05-22,Grocery,1317.68,1317.68
2024-05-23,Grocery,1335.37,1335.37
2024-05-24,Grocery,1507.13,1507.13
2024-05-25,Grocery,1524.03,1524.03
2024-05-26,Grocery,1486.81,1486.81
2024-05-27,Grocery,1339.31,1339.31
2024-05-28,Grocery,1267.04,1267.04
2024-05-29,Grocery,1319.3,1319.3
2024-05-30,Grocery,1285.93,1285.93
2024-05-31,Grocery,1352.64,1352.64
2024-06-01,Grocery,1362.23,1362.23
2024-06-02,Grocery,1270.13,1270.13
2024-06-03,Grocery,1248.05,1248.05
2024-06-04,Grocery,1318.89,1318.89
2024-06-05,Grocery,1420.1,1420.1
2024-06-06,Grocery,1329.66,1329.66
2024-06-07,Grocery,1205.06,1205.06
2024-06-08,Grocery,1369.13,1369.13
2024-06-09,Grocery,1320.58,1320.58
2024-06-10,Grocery,1239.98,1239.98
2024-06-11,Grocery,1193.32,1193.32
2024-06-12,Grocery,1144.56,1144.56
2024-06-13,Grocery,1266.02,1266.02
2024-06-14,Grocery,1247.31,1247.31
2024-06-15,Grocery,1341.5,1341.5
2024-06-16,Grocery,1368.55,1368.55
2024-06-17,Grocery,1346.77,1346.77
2024-06-18,Grocery,1228.38,1228.38
2024-06-19,Grocery,1195.33,1195.33
2024-06-20,Grocery,1266.78,1266.78
2024-06-21,Grocery,1113.16,1113.16
2024-06-22,Grocery,1371.25,1371.25
2024-06-23,Grocery,1276.3,1276.3
2024-06-24,Grocery,1153.84,1153.84
2024-06-25,Grocery,1206.69,1206.69
2024-06-26,Grocery,1297.79,1297.79
2024-06-27,Grocery,1150.17,1150.17
2024-06-28,Grocery,1249.6,1249.6
2024-06-29,Grocery,1328.19,1328.19
2024-06-30,Grocery,1219.58,1219.58
2024-07-01,Grocery,1240.7,1240.7
2024-07-02,Grocery,1134.12,1134.12
2024-07-03,Grocery,1093.55,1093.55
2024-07-04,Grocery,1132.45,1132.45
2024-07-05,Grocery,1134.59,1134.59
2024-07-06,Grocery,1326.05,1326.05
2024-07-07,Grocery,1244.93,1244.93
2024-07-08,Grocery,1263.31,1263.31
2024-07-09,Grocery,1185.68,1185.68
2024-07-10,Grocery,1128.11,1128.11
2024-07-11,Grocery,1120.08,1120.08
2024-07-12,Grocery,1182.86,1182.86
2024-07-13,Grocery,1159.51,1159.51
2024-07-14,Grocery,1149.84,1149.84
2024-07-15,Grocery,1113.86,1113.86
2024-07-16,Grocery,1204.21,1204.21
2024-07-17,Grocery,1176.76,1176.76
2024-07-18,Grocery,1167.01,1167.01
2024-07-19,Grocery,1152.68,1152.68
2024-07-20,Grocery,1147.3,1147.3
2024-07-21,Grocery,1258.45,1258.45
2024-07-22,Grocery,1059.09,1059.09
2024-07-23,Grocery,1215.95,1215.95
2024-07-24,Grocery,1165.69,1165.69
2024-07-25,Grocery,1161.29,1161.29
2024-07-26,Grocery,1191.2,1191.2
2024-07-27,Grocery,1299.97,1299.97
2024-07-28,Grocery,1295.41,1295.41
2024-07-29,Grocery,1190.56,1190.56
2024-07-30,Grocery,1135.37,1135.37
2024-07-31,Grocery,1091.73,1091.73
2024-08-01,Grocery,1193.58,1193.58
2024-08-02,Grocery,1261.23,1261.23
2024-08-03,Grocery,1349.9,1349.9
2024-08-04,Grocery,1278.07,1278.07
2024-08-05,Grocery,1215.91,1215.91
2024-08-06,Grocery,1154.56,1154.56
2024-08-07,Grocery,1205.93,1205.93
2024-08-08,Grocery,1148.4,1148.4
2024-08-09,Grocery,1195.41,1195.41
2024-08-10,Grocery,1423.83,1423.83
2024-08-11,Grocery,1352.56,1352.56
2024-08-12,Grocery,1283.86,1283.86
2024-08-13,Grocery,1220.9,1220.9
2024-08-14,Grocery,1157.94,1157.94
2024-08-15,Grocery,1199.47,1199.47
2024-08-16,Grocery,1238.09,1238.09
2024-08-17,Grocery,1313.01,1313.01
2024-08-18,Grocery,1387.93,1387.93
2024-08-19,Grocery,1180.77,1180.77
2024-08-20,Grocery,1298.65,1298.65
2024-08-21,Grocery,1278.48,1278.48
2024-08-22,Grocery,1156.86,1156.86
2024-08-23,Grocery,1262.31,1262.31
2024-08-24,Grocery,1335.89,1335.89
2024-08-25,Grocery,1414.53,1414.53
2024-08-26,Grocery,1206.23,1206.23
2024-08-27,Grocery,1261.05,1261.05
2024-08-28,Grocery,1279.12,1279.12
2024-08-29,Grocery,1085.22,1085.22
2024-08-30,Grocery,1141.8,1141.8
2024-08-31,Grocery,1387.58,1387.58
2024-09-01,Grocery,1377.07,1377.07
2024-09-02,Grocery,1328.59,1328.59
2024-09-03,Grocery,1285.71,1285.71
2024-09-04,Grocery,1200.49,1200.49
2024-09-05,Grocery,1301.11,1301.11
2024-09-06,Grocery,1241.14,1241.14
2024-09-07,Grocery,1401.32,1401.32
2024-09-08,Grocery,1389.93,1389.93
2024-09-09,Grocery,1321.8,1321.8
2024-09-10,Grocery,1220.63,1220.63
2024-09-11,Grocery,1243.85,1243.85
2024-09-12,Grocery,1182.81,1182.81
2024-09-13,Grocery,1450.17,1450.17
2024-09-14,Grocery,1394.49,1394.49
2024-09-15,Grocery,1408.51,1408.51
2024-09-16,Grocery,1268.45,1268.45
2024-09-17,Grocery,1304.61,1304.61
2024-09-18,Grocery,1322.56,1322.56
2024-09-19,Grocery,1391.4,1391.4
2024-09-20,Grocery,1370.79,1370.79
2024-09-21,Grocery,1517.02,1517.02
2024-09-22,Grocery,1468.25,1468.25
2024-09-23,Grocery,1373.31,1373.31
2024-09-24,Grocery,1456.69,1456.69
2024-09-25,Grocery,1388.25,1388.25
2024-09-26,Grocery,1413.99,1413.99
2024-09-27,Grocery,1279.94,1279.94
2024-09-28,Grocery,1574.2,1574.2
2024-09-29,Grocery,1565.44,1565.44
2024-09-30,Grocery,1413.37,1413.37
2024-10-01,Grocery,1261.3,1261.3
2024-10-02,Grocery,1434.07,1434.07
2024-10-03,Grocery,1431.35,1431.35
2024-10-04,Grocery,1450.0,1450.0
2024-10-05,Grocery,1553.09,1553.09
2024-10-06,Grocery,1610.37,1610.37
2024-10-07,Grocery,1506.01,1506.01
2024-10-08,Grocery,1472.97,1472.97
2024-10-09,Grocery,1459.13,1459.13
2024-10-10,Grocery,1470.44,1470.44
2024-10-11,Grocery,1466.43,1466.43
2024-10-12,Grocery,1642.66,1642.66
2024-10-13,Grocery,1604.37,1604.37
2024-10-14,Grocery,1389.86,1389.86
2024-10-15,Grocery,1597.23,1597.23
2024-10-16,Grocery,1417.0,1417.0
2024-10-17,Grocery,1521.87,1521.87
2024-10-18,Grocery,1457.26,1457.26
2024-10-19,Grocery,1673.46,1673.46
2024-10-20,Grocery,1639.98,1639.98
2024-10-21,Grocery,1552.73,1552.73
2024-10-22,Grocery,1511.45,1511.45
2024-10-23,Grocery,1490.71,1490.71
2024-10-24,Grocery,1593.66,1593.66
2024-10-25,Grocery,1661.75,1661.75
2024-10-26,Grocery,1762.1,1762.1
2024-10-27,Grocery,1755.09,1755.09
2024-10-28,Grocery,1538.27,1538.27
2024-10-29,Grocery,1602.97,1602.97
2024-10-30,Grocery,1641.29,1641.29
2024-10-31,Grocery,1581.96,1581.96
2024-11-01,Grocery,1681.52,1681.52
2024-11-02,Grocery,1789.1,1789.1
2024-11-03,Grocery,1819.85,1819.85
2024-11-04,Grocery,1617.12,1617.12
2024-11-05,Grocery,1623.98,1623.98
2024-11-06,Grocery,1672.98,1672.98
2024-11-07,Grocery,1689.22,1689.22
2024-11-08,Grocery,1693.28,1693.28
2024-11-09,Grocery,1779.57,1779.57
2024-11-10,Grocery,1803.44,1803.44
2024-11-11,Grocery,1689.95,1689.95
2024-11-12,Grocery,1585.98,1585.98
2024-11-13,Grocery,1766.23,1766.23
2024-11-14,Grocery,1728.63,1728.63
2024-11-15,Grocery,1718.13,1718.13
2024-11-16,Grocery,1844.97,1844.97
2024-11-17,Grocery,1943.59,1943.59
2024-11-18,Grocery,1717.26,1717.26
2024-11-19,Grocery,1853.52,1853.52
2024-11-20,Grocery,1768.94,1768.94
2024-11-21,Grocery,1661.67,1661.67
2024-11-22,Grocery,1800.52,1800.52
2024-11-23,Grocery,1900.89,1900.89
2024-11-24,Grocery,4158.85,3446.7275
2024-11-25,Grocery,3812.36,3446.7275
2024-11-26,Grocery,3830.87,3446.7275
2024-11-27,Grocery,3865.53,3446.7275
2024-11-28,Grocery,3907.7,3446.7275
2024-11-29,Grocery,3900.62,3446.7275
2024-11-30,Grocery,4223.25,3446.7275
2024-12-01,Grocery,3048.25,3048.25
2024-12-02,Grocery,2810.23,2810.23
2024-12-03,Grocery,2888.15,2888.15
2024-12-04,Grocery,2926.38,2926.38
2024-12-05,Grocery,2989.95,2989.95
2024-12-06,Grocery,2808.69,2808.69
2024-12-07,Grocery,3184.87,3184.87
2024-12-08,Grocery,3036.035,3036.035
2024-12-09,Grocery,2887.2,2887.2
2024-12-10,Grocery,2926.63,2926.63
2024-12-11,Grocery,2910.36,2910.36
2024-12-12,Grocery,2916.0,2916.0
2024-12-13,Grocery,2899.81,2899.81
2024-12-14,Grocery,3256.74,3256.74
2024-12-15,Grocery,3303.28,3303.28
2024-12-16,Grocery,3055.65,3055.65
2024-12-17,Grocery,2932.15,2932.15
2024-12-18,Grocery,2906.36,2906.36
2024-12-19,Grocery,2959.62,2959.62
2024-12-20,Grocery,2930.87,2930.87
2024-12-21,Grocery,3340.09,3340.09
2024-12-22,Grocery,3170.715,3170.715
2024-12-23,Grocery,3001.34,3001.34
2024-12-24,Grocery,2921.26,2921.26
2024-12-25,Grocery,1883.81,1883.81
2024-12-26,Grocery,1919.26,1919.26
2024-12-27,Grocery,2002.44,2002.44
2024-12-28,Grocery,2056.37,2056.37
2024-12-29,Grocery,2123.05,2123.05
2024-12-30,Grocery,1794.05,1794.05
2024-12-31,Grocery,1848.77,1848.77
2025-01-01,Grocery,1872.52,1872.52
2025-01-02,Grocery,1893.83,1893.83
2025-01-03,Grocery,1951.88,1951.88
2025-01-04,Grocery,2151.88,2151.88
2025-01-05,Grocery,2019.7,2019.7
2025-01-06,Grocery,1963.94,1963.94
2025-01-07,Grocery,1867.08,1867.08
2025-01-08,Grocery,2045.84,2045.84
2025-01-09,Grocery,1956.13,1956.13
2025-01-10,Grocery,1948.02,1948.02
2025-01-11,Grocery,2116.53,2116.53
2025-01-12,Grocery,2126.56,2126.56
2025-01-13,Grocery,1942.9,1942.9
2025-01-14,Grocery,1902.38,1902.38
2025-01-15,Grocery,1989.59,1989.59
2025-01-16,Grocery,1961.86,1961.86
2025-01-17,Grocery,1991.38,1991.38
2025-01-18,Grocery,2130.84,2130.84
2025-01-19,Grocery,2175.87,2175.87
2025-01-20,Grocery,1902.61,1902.61
2025-01-21,Grocery,2162.19,2162.19
2025-01-22,Grocery,1905.95,1905.95
2025-01-23,Grocery,1921.9,1921.9
2025-01-24,Grocery,2006.37,2006.37
2025-01-25,Grocery,2209.91,2209.91
2025-01-26,Grocery,2087.91,2087.91
2025-01-27,Grocery,1848.14,1848.14
2025-01-28,Grocery,1863.56,1863.56
2025-01-29,Grocery,1887.26,1887.26
2025-01-30,Grocery,1899.09,1899.09
2025-01-31,Grocery,1935.5,1935.5
2025-02-01,Grocery,2193.14,2193.14
2025-02-02,Grocery,2195.01,2195.01
2025-02-03,Grocery,1905.65,1905.65
2025-02-04,Grocery,1973.44,1973.44
2025-02-05,Grocery,1992.64,1992.64
2025-02-06,Grocery,2022.52,2022.52
2025-02-07,Grocery,1927.15,1927.15
2025-02-08,Grocery,2076.26,2076.26
2025-02-09,Grocery,2163.84,2163.84
2025-02-10,Grocery,2022.28,2022.28
2025-02-11,Grocery,1897.93,1897.93
2025-02-12,Grocery,2044.22,2044.22
2025-02-13,Grocery,2028.25,2028.25
2025-02-14,Grocery,1907.07,1907.07
2025-02-15,Grocery,2010.56,2010.56
2025-02-16,Grocery,2066.1,2066.1
2025-02-17,Grocery,1894.23,1894.23
2025-02-18,Grocery,1944.55,1944.55
2025-02-19,Grocery,1809.63,1809.63
2025-02-20,Grocery,2052.83,2052.83
2025-02-21,Grocery,2044.41,2044.41
2025-02-22,Grocery,2039.62,2039.62
2025-02-23,Grocery,1967.8,1967.8
2025-02-24,Grocery,1884.26,1884.26
2025-02-25,Grocery,1916.49,1916.49
2025-02-26,Grocery,1968.35,1968.35
2025-02-27,Grocery,1926.72,1926.72
2025-02-28,Grocery,1868.25,1868.25
2025-03-01,Grocery,1938.1,1938.1
2025-03-02,Grocery,2082.6,2082.6
2025-03-03,Grocery,1919.45,1919.45
2025-03-04,Grocery,1846.27,1846.27
2025-03-05,Grocery,1877.29,1877.29
2025-03-06,Grocery,1868.84,1868.84
2025-03-07,Grocery,1837.79,1837.79
2025-03-08,Grocery,1955.29,1955.29
2025-03-09,Grocery,2040.33,2040.33
2025-03-10,Grocery,1754.1,1754.1
2025-03-11,Grocery,1918.73,1918.73
2025-03-12,Grocery,1776.09,1776.09
2025-03-13,Grocery,1854.85,1854.85
2025-03-14,Grocery,1776.68,1776.68
2025-03-15,Grocery,2011.64,2011.64
2025-03-16,Grocery,1970.81,1970.81
2025-03-17,Grocery,1837.73,1837.73
2025-03-18,Grocery,1753.28,1753.28
2025-03-19,Grocery,1697.79,1697.79
2025-03-20,Grocery,1773.56,1773.56
2025-03-21,Grocery,1764.11,1764.11
2025-03-22,Grocery,1859.17,1859.17
2025-03-23,Grocery,1902.1,1902.1
2025-03-24,Grocery,1668.73,1668.73
2025-03-25,Grocery,1770.55,1770.55
2025-03-26,Grocery,1735.73,1735.73
2025-03-27,Grocery,1753.48,1753.48
2025-03-28,Grocery,1903.15,1903.15
2025-03-29,Grocery,1916.36,1916.36
2025-03-30,Grocery,1922.99,1922.99
2025-03-31,Grocery,1767.53,1767.53
2025-04-01,Grocery,1715.76,1715.76
2025-04-02,Grocery,1682.82,1682.82
2025-04-03,Grocery,1765.1,1765.1
2025-04-04,Grocery,1768.25,1768.25
2025-04-05,Grocery,1686.88,1686.88
2025-04-06,Grocery,1845.54,1845.54
2025-04-07,Grocery,1668.18,1668.18
2025-04-08,Grocery,1648.64,1648.64
2025-04-09,Grocery,1750.95,1750.95
2025-04-10,Grocery,1638.25,1638.25
2025-04-11,Grocery,1716.02,1716.02
2025-04-12,Grocery,1782.39,1782.39
2025-04-13,Grocery,1783.71,1783.71
2025-04-14,Grocery,1689.4,1689.4
2025-04-15,Grocery,1656.49,1656.49
2025-04-16,Grocery,1623.58,1623.58
2025-04-17,Grocery,1560.86,1560.86
2025-04-18,Grocery,1567.7,1567.7
2025-04-19,Grocery,1810.35,1810.35
2025-04-20,Grocery,1795.2,1795.2
2025-04-21,Grocery,1533.43,1533.43
2025-04-22,Grocery,1524.78,1524.78
2025-04-23,Grocery,1742.31,1742.31
2025-04-24,Grocery,1544.7,1544.7
2025-04-25,Grocery,1524.74,1524.74
2025-04-26,Grocery,1749.39,1749.39
2025-04-27,Grocery,1665.24,1665.24
2025-04-28,Grocery,1536.34,1536.34
2025-04-29,Grocery,1605.59,1605.59
2025-04-30,Grocery,1605.68,1605.68
2025-05-01,Grocery,1527.77,1527.77
2025-05-02,Grocery,1613.89,1613.89
2025-05-03,Grocery,1662.05,1662.05
2025-05-04,Grocery,1649.5,1649.5
2025-05-05,Grocery,1514.59,1514.59
2025-05-06,Grocery,1490.44,1490.44
2025-05-07,Grocery,1534.37,1534.37
2025-05-08,Grocery,1513.67,1513.67
2025-05-09,Grocery,1444.22,1444.22
2025-05-10,Grocery,1634.57,1634.57
2025-05-11,Grocery,1536.375,1536.375
2025-05-12,Grocery,1438.18,1438.18
2025-05-13,Grocery,1458.59,1458.59
2025-05-14,Grocery,1522.18,1522.18
2025-05-15,Grocery,1471.86,1471.86
2025-05-16,Grocery,1525.58,1525.58
2025-05-17,Grocery,1672.33,1672.33
2025-05-18,Grocery,1570.3,1570.3
2025-05-19,Grocery,1396.17,1396.17
2025-05-20,Grocery,1379.66,1379.66
2025-05-21,Grocery,1438.07,1438.07
2025-05-22,Grocery,1467.82,1467.82
2025-05-23,Grocery,1505.41,1505.41
2025-05-24,Grocery,1457.49,1457.49
2025-05-25,Grocery,1585.44,1585.44
2025-05-26,Grocery,1458.81,1458.81
2025-05-27,Grocery,1535.59,1535.59
2025-05-28,Grocery,1395.55,1395.55
2025-05-29,Grocery,1377.37,1377.37
2025-05-30,Grocery,1283.18,1283.18
2025-05-31,Grocery,1449.79,1449.79
2025-06-01,Grocery,1424.89,1424.89
2025-06-02,Grocery,1299.18,1299.18
2025-06-03,Grocery,1301.12,1301.12
2025-06-04,Grocery,1258.47,1258.47
2025-06-05,Grocery,1340.34,1340.34
2025-06-06,Grocery,1364.58,1364.58
2025-06-07,Grocery,1506.36,1506.36
2025-06-08,Grocery,1450.18,1450.18
2025-06-09,Grocery,16701.96,3446.7275
2025-06-09,Grocery,1391.83,1391.83
2025-06-10,Grocery,1388.24,1388.24
2025-06-11,Grocery,1229.16,1229.16
2025-06-12,Grocery,1299.83,1299.83
2025-06-13,Grocery,1237.34,1237.34
2025-06-14,Grocery,1370.37,1370.37
2025-06-15,Grocery,1435.99,1435.99
2025-06-16,Grocery,1293.51,1293.51
2025-06-17,Grocery,1385.27,1385.27
2025-06-18,Grocery,1416.81,1416.81
2025-06-19,Grocery,1315.8,1315.8
2025-06-20,Grocery,1275.82,1275.82
2025-06-21,Grocery,1393.44,1393.44
2025-06-22,Grocery,1352.905,1352.905
2025-06-23,Grocery,1312.37,1312.37
2025-06-24,Grocery,1231.07,1231.07
2025-06-25,Grocery,1307.31,1307.31
2025-06-26,Grocery,1254.95,1254.95
2025-06-27,Grocery,1330.45,1330.45
2025-06-28,Grocery,1462.15,1462.15
2025-06-29,Grocery,1481.95,1481.95
2025-06-30,Grocery,1250.38,1250.38
2025-07-01,Grocery,1202.3600000000001,1202.3600000000001
2025-07-02,Grocery,1154.34,1154.34
2025-07-03,Grocery,1235.89,1235.89
2025-07-04,Grocery,1166.51,1166.51
2025-07-05,Grocery,1265.25,1265.25
2025-07-06,Grocery,1341.01,1341.01
2025-07-07,Grocery,1187.36,1187.36
2025-07-08,Grocery,1286.34,1286.34
2025-07-09,Grocery,1359.91,1359.91
2025-07-10,Grocery,1309.98,1309.98
2025-07-11,Grocery,1260.05,1260.05
2025-07-12,Grocery,1258.78,1258.78
2025-07-13,Grocery,1363.24,1363.24
2025-07-14,Grocery,1196.43,1196.43
2025-07-15,Grocery,1171.82,1171.82
2025-07-16,Grocery,1125.48,1125.48
2025-07-17,Grocery,1332.64,1332.64
2025-07-18,Grocery,1139.46,1139.46
2025-07-19,Grocery,1276.06,1276.06
2025-07-20,Grocery,1348.96,1348.96
2025-07-21,Grocery,1253.11,1253.11
2025-07-22,Grocery,1253.41,1253.41
2025-07-23,Grocery,1242.55,1242.55
2025-07-24,Grocery,1182.78,1182.78
2025-07-25,Grocery,1282.79,1282.79
2025-07-26,Grocery,1361.37,1361.37
2025-07-27,Grocery,1263.35,1263.35
2025-07-28,Grocery,1334.72,1334.72
2025-07-29,Grocery,1218.92,1218.92
2025-07-30,Grocery,1297.27,1297.27
2025-07-31,Grocery,1154.14,1154.14
2025-08-01,Grocery,1171.21,1171.21
2025-08-02,Grocery,1322.53,1322.53
2025-08-03,Grocery,1316.93,1316.93
2025-08-04,Grocery,1307.53,1307.53
2025-08-05,Grocery,1150.95,1150.95
2025-08-06,Grocery,1259.94,1259.94
2025-08-07,Grocery,1191.04,1191.04
2025-08-08,Grocery,1284.82,1284.82
2025-08-09,Grocery,1382.39,1382.39
2025-08-10,Grocery,1339.18,1339.18
2025-08-11,Grocery,1393.58,1393.58
2025-08-12,Grocery,1259.84,1259.84
2025-08-13,Grocery,1330.79,1330.79
2025-08-14,Grocery,1187.89,1187.89
2025-08-15,Grocery,1262.77,1262.77
2025-08-16,Grocery,1393.95,1393.95
2025-08-17,Grocery,1400.08,1400.08
2025-08-18,Grocery,1258.15,1258.15
2025-08-19,Grocery,1232.15,1232.15
2025-08-20,Grocery,1099.43,1099.43
2025-08-21,Grocery,1254.23,1254.23
2025-08-22,Grocery,1236.62,1236.62
2025-08-23,Grocery,1397.49,1397.49
2025-08-24,Grocery,1468.28,1468.28
2025-08-25,Grocery,1435.41,1435.41
2025-08-26,Grocery,1338.04,1338.04
2025-08-27,Grocery,1371.0,1371.0
2025-08-28,Grocery,1351.72,1351.72
2025-08-29,Grocery,1361.61,1361.61
2025-08-30,Grocery,1477.76,1477.76
2025-08-31,Grocery,1431.24,1431.24
2025-09-01,Grocery,1311.18,1311.18
2025-09-02,Grocery,1354.94,1354.94
2025-09-03,Grocery,1447.54,1447.54
2025-09-04,Grocery,1391.12,1391.12
2025-09-05,Grocery,1445.45,1445.45
2025-09-06,Grocery,1399.02,1399.02
2025-09-07,Grocery,1497.97,1497.97
2025-09-08,Grocery,1387.24,1387.24
2025-09-09,Grocery,1399.53,1399.53
2025-09-10,Grocery,1290.85,1290.85
2025-09-11,Grocery,1267.73,1267.73
2025-09-12,Grocery,1256.05,1256.05
2025-09-13,Grocery,1491.33,1491.33
2025-09-14,Grocery,1661.81,1661.81
2025-09-15,Grocery,1412.51,1412.51
2025-09-16,Grocery,1332.21,1332.21
2025-09-17,Grocery,1430.74,1430.74
2025-09-18,Grocery,1397.85,1397.85
2025-09-19,Grocery,1431.84,1431.84
2025-09-20,Grocery,1530.37,1530.37
2025-09-21,Grocery,1486.09,1486.09
2025-09-22,Grocery,1406.94,1406.94
2025-09-23,Grocery,1487.56,1487.56
2025-09-24,Grocery,1468.91,1468.91
2025-09-25,Grocery,1529.97,1529.97
2025-09-26,Grocery,1398.46,1398.46
2025-09-27,Grocery,1665.97,1665.97
2025-09-28,Grocery,1613.5,1613.5
2025-09-29,Grocery,1492.89,1492.89
2025-09-30,Grocery,1562.41,1562.41
2025-10-01,Grocery,1486.07,1486.07
2025-10-02,Grocery,1515.58,1515.58
2025-10-03,Grocery,1545.07,1545.07
2025-10-04,Grocery,1690.38,1690.38
2025-10-05,Grocery,1707.42,1707.42
2025-10-06,Grocery,1603.58,1603.58
2025-10-07,Grocery,1564.43,1564.43
2025-10-08,Grocery,1512.81,1512.81
2025-10-09,Grocery,1692.7,1692.7
2025-10-10,Grocery,1550.56,1550.56
2025-10-11,Grocery,1724.48,1724.48
2025-10-12,Grocery,1664.28,1664.28
2025-10-13,Grocery,1441.39,1441.39
2025-10-14,Grocery,1532.31,1532.31
2025-10-15,Grocery,1589.52,1589.52
2025-10-16,Grocery,1624.13,1624.13
2025-10-17,Grocery,1600.62,1600.62
2025-10-18,Grocery,1800.51,1800.51
2025-10-19,Grocery,1819.61,1819.61
2025-10-20,Grocery,1678.23,1678.23
2025-10-21,Grocery,1625.9,1625.9
2025-10-22,Grocery,1626.0300000000002,1626.0300000000002
2025-10-23,Grocery,1626.16,1626.16
2025-10-24,Grocery,1593.28,1593.28
2025-10-25,Grocery,1889.73,1889.73
2025-10-26,Grocery,1736.95,1736.95
2025-10-27,Grocery,1661.41,1661.41
2025-10-28,Grocery,1685.96,1685.96
2025-10-29,Grocery,1550.65,1550.65
2025-10-30,Grocery,1610.93,1610.93
2025-10-31,Grocery,1671.21,1671.21
2025-11-01,Grocery,1868.5,1868.5
2025-11-02,Grocery,1842.39,1842.39
2025-11-03,Grocery,1619.87,1619.87
2025-11-04,Grocery,1730.24,1730.24
2025-11-05,Grocery,1731.28,1731.28
2025-11-06,Grocery,1791.26,1791.26
2025-11-07,Grocery,1766.36,1766.36
2025-11-08,Grocery,1803.95,1803.95
2025-11-09,Grocery,1978.01,1978.01
2025-11-10,Grocery,1804.79,1804.79
2025-11-11,Grocery,1809.31,1809.31
2025-11-12,Grocery,1798.76,1798.76
2025-11-13,Grocery,1733.56,1733.56
2025-11-14,Grocery,1814.03,1814.03
2025-11-15,Grocery,1931.25,1931.25
2025-11-16,Grocery,2132.68,2132.68
2025-11-17,Grocery,1786.17,1786.17
2025-11-18,Grocery,1739.83,1739.83
2025-11-19,Grocery,1791.94,1791.94
2025-11-20,Grocery,1904.66,1904.66
2025-11-21,Grocery,1789.91,1789.91
2025-11-22,Grocery,1852.22,1852.22
2025-11-23,Grocery,2093.28,2093.28
2025-11-24,Grocery,3901.22,3446.7275
2025-11-25,Grocery,3863.96,3446.7275
2025-11-26,Grocery,3948.61,3446.7275
2025-11-27,Grocery,3862.23,3446.7275
2025-11-28,Grocery,3858.95,3446.7275
2025-11-29,Grocery,4377.94,3446.7275
2025-11-30,Grocery,4302.41,3446.7275
2025-12-01,Grocery,2953.41,2953.41
2025-12-02,Grocery,2930.43,2930.43
2025-12-03,Grocery,2987.75,2987.75
2025-12-04,Grocery,2952.17,2952.17
2025-12-05,Grocery,2830.51,2830.51
2025-12-06,Grocery,3283.75,3283.75
2025-12-07,Grocery,3222.7,3222.7
2025-12-08,Grocery,3029.07,3029.07
2025-12-09,Grocery,2990.17,2990.17
2025-12-10,Grocery,3076.0,3076.0
2025-12-11,Grocery,2978.73,2978.73
2025-12-12,Grocery,2881.07,2881.07
2025-12-13,Grocery,3278.65,3278.65
2025-12-14,Grocery,3336.02,3336.02
2025-12-15,Grocery,3003.83,3003.83
2025-12-16,Grocery,3002.63,3002.63
2025-12-17,Grocery,3125.34,3125.34
2025-12-18,Grocery,3033.83,3033.83
2025-12-19,Grocery,3112.05,3112.05
2025-12-20,Grocery,3354.34,3354.34
2025-12-21,Grocery,3264.8,3264.8
2025-12-22,Grocery,3009.2,3009.2
2025-12-23,Grocery,3052.12,3052.12
2025-12-24,Grocery,3094.55,3094.55
2025-12-25,Grocery,1932.23,1932.23
2025-12-26,Grocery,1899.13,1899.13
2025-12-27,Grocery,2110.0,2110.0
2025-12-28,Grocery,2142.72,2142.72
2025-12-29,Grocery,1939.55,1939.55
2025-12-30,Grocery,1960.3,1960.3
2025-12-31,Grocery,2109.64,2109.64
2024-01-01,Home & Garden,759.87,759.87
2024-01-02,Home & Garden,752.405,752.405
2024-01-03,Home & Garden,744.94,744.94
2024-01-04,Home & Garden,841.41,841.41
2024-01-05,Home & Garden,786.71,786.71
2024-01-06,Home & Garden,929.03,929.03
2024-01-07,Home & Garden,854.98,854.98
2024-01-08,Home & Garden,649.03,649.03
2024-01-09,Home & Garden,731.47,731.47
2024-01-10,Home & Garden,746.48,746.48
2024-01-11,Home & Garden,656.26,656.26
2024-01-12,Home & Garden,674.29,674.29
2024-01-13,Home & Garden,939.92,939.92
2024-01-14,Home & Garden,810.19,810.19
2024-01-15,Home & Garden,653.32,653.32
2024-01-16,Home & Garden,754.3,754.3
2024-01-17,Home & Garden,791.71,791.71
2024-01-18,Home & Garden,777.76,777.76
2024-01-19,Home & Garden,819.07,819.07
2024-01-20,Home & Garden,1041.82,1041.82
2024-01-21,Home & Garden,1001.48,1001.48
2024-01-22,Home & Garden,744.6,744.6
2024-01-23,Home & Garden,888.79,888.79
2024-01-24,Home & Garden,862.37,862.37
2024-01-25,Home & Garden,818.04,818.04
2024-01-26,Home & Garden,713.18,713.18
2024-01-27,Home & Garden,973.58,973.58
2024-01-28,Home & Garden,823.93,823.93
2024-01-29,Home & Garden,742.48,742.48
2024-01-30,Home & Garden,613.14,613.14
2024-01-31,Home & Garden,737.33,737.33
2024-02-01,Home & Garden,824.14,824.14
2024-02-02,Home & Garden,763.65,763.65
2024-02-03,Home & Garden,1046.08,1046.08
2024-02-04,Home & Garden,948.8,948.8
2024-02-05,Home & Garden,768.28,768.28
2024-02-06,Home & Garden,743.82,743.82
2024-02-07,Home & Garden,793.66,793.66
2024-02-08,Home & Garden,759.4,759.4
2024-02-09,Home & Garden,833.22,833.22
2024-02-10,Home & Garden,1042.94,1042.94
2024-02-11,Home & Garden,967.89,967.89
2024-02-12,Home & Garden,692.33,692.33
2024-02-13,Home & Garden,792.9,792.9
2024-02-14,Home & Garden,840.14,840.14
2024-02-15,Home & Garden,797.26,797.26
2024-02-16,Home & Garden,775.1,775.1
2024-02-17,Home & Garden,997.03,997.03
2024-02-18,Home & Garden,1018.66,1018.66
2024-02-19,Home & Garden,598.6,598.6
2024-02-20,Home & Garden,845.75,845.75
2024-02-21,Home & Garden,800.17,800.17
2024-02-22,Home & Garden,781.71,781.71
2024-02-23,Home & Garden,718.5,718.5
2024-02-24,Home & Garden,945.92,945.92
2024-02-25,Home & Garden,802.81,802.81
2024-02-26,Home & Garden,659.7,659.7
2024-02-27,Home & Garden,792.67,792.67
2024-02-28,Home & Garden,750.89,750.89
2024-02-29,Home & Garden,833.56,833.56
2024-03-01,Home & Garden,784.91,784.91
2024-03-02,Home & Garden,911.26,911.26
2024-03-03,Home & Garden,923.41,923.41
2024-03-04,Home & Garden,779.02,779.02
2024-03-05,Home & Garden,748.0,748.0
2024-03-06,Home & Garden,770.65,770.65
2024-03-07,Home & Garden,693.59,693.59
2024-03-08,Home & Garden,659.97,659.97
2024-03-09,Home & Garden,874.79,874.79
2024-03-10,Home & Garden,821.39,821.39
2024-03-11,Home & Garden,683.81,683.81
2024-03-12,Home & Garden,750.18,750.18
2024-03-13,Home & Garden,629.34,629.34
2024-03-14,Home & Garden,651.87,651.87
2024-03-15,Home & Garden,768.18,768.18
2024-03-16,Home & Garden,862.77,862.77
2024-03-17,Home & Garden,891.74,891.74
2024-03-18,Home & Garden,644.76,644.76
2024-03-19,Home & Garden,654.53,654.53
2024-03-20,Home & Garden,697.24,697.24
2024-03-21,Home & Garden,811.58,811.58
2024-03-22,Home & Garden,738.47,738.47
2024-03-23,Home & Garden,777.92,777.92
2024-03-24,Home & Garden,902.86,902.86
2024-03-25,Home & Garden,761.6,761.6
2024-03-26,Home & Garden,745.85,745.85
2024-03-27,Home & Garden,628.98,628.98
2024-03-28,Home & Garden,696.52,696.52
2024-03-29,Home & Garden,825.95,825.95
2024-03-30,Home & Garden,804.86,804.86
2024-03-31,Home & Garden,878.33,878.33
2024-04-01,Home & Garden,647.5,647.5
2024-04-02,Home & Garden,614.25,614.25
2024-04-03,Home & Garden,662.59,662.59
2024-04-04,Home & Garden,748.27,748.27
2024-04-05,Home & Garden,753.95,753.95
2024-04-06,Home & Garden,789.49,789.49
2024-04-07,Home & Garden,811.26,811.26
2024-04-08,Home & Garden,624.78,624.78
2024-04-09,Home & Garden,551.35,551.35
2024-04-10,Home & Garden,710.26,710.26
2024-04-11,Home & Garden,765.26,765.26
2024-04-12,Home & Garden,759.69,759.69
2024-04-13,Home & Garden,795.21,795.21
2024-04-14,Home & Garden,900.09,900.09
2024-04-15,Home & Garden,728.78,728.78
2024-04-16,Home & Garden,640.91,640.91
2024-04-17,Home & Garden,658.71,658.71
2024-04-18,Home & Garden,634.76,634.76
2024-04-19,Home & Garden,669.09,669.09
2024-04-20,Home & Garden,912.63,912.63
2024-04-21,Home & Garden,745.44,745.44
2024-04-22,Home & Garden,576.67,576.67
2024-04-23,Home & Garden,698.56,698.56
2024-04-24,Home & Garden,647.59,647.59
2024-04-25,Home & Garden,528.42,528.42
2024-04-26,Home & Garden,579.0,579.0
2024-04-27,Home & Garden,734.62,734.62
2024-04-28,Home & Garden,744.94,744.94
2024-04-29,Home & Garden,652.66,652.66
2024-04-30,Home & Garden,690.9,690.9
2024-05-01,Home & Garden,619.41,619.41
2024-05-02,Home & Garden,635.92,635.92
2024-05-03,Home & Garden,580.2,580.2
2024-05-04,Home & Garden,826.2,826.2
2024-05-05,Home & Garden,842.84,842.84
2024-05-06,Home & Garden,602.78,602.78
2024-05-07,Home & Garden,572.08,572.08
2024-05-08,Home & Garden,738.78,738.78
2024-05-09,Home & Garden,668.07,668.07
2024-05-10,Home & Garden,556.81,556.81
2024-05-11,Home & Garden,644.67,644.67
2024-05-12,Home & Garden,725.92,725.92
2024-05-13,Home & Garden,676.27,676.27
2024-05-14,Home & Garden,569.7,569.7
2024-05-15,Home & Garden,585.67,585.67
2024-05-16,Home & Garden,568.9,568.9
2024-05-17,Home & Garden,635.6,635.6
2024-05-18,Home & Garden,811.99,811.99
2024-05-19,Home & Garden,650.24,650.24
2024-05-20,Home & Garden,573.56,573.56
2024-05-21,Home & Garden,577.02,577.02
2024-05-22,Home & Garden,549.8,549.8
2024-05-23,Home & Garden,513.59,513.59
2024-05-24,Home & Garden,632.85,632.85
2024-05-25,Home & Garden,720.88,720.88
2024-05-26,Home & Garden,752.47,752.47
2024-05-27,Home & Garden,669.31,669.31
2024-05-28,Home & Garden,554.78,554.78
2024-05-29,Home & Garden,607.53,607.53
2024-05-30,Home & Garden,549.19,549.19
2024-05-31,Home & Garden,566.46,566.46
2024-06-01,Home & Garden,716.25,716.25
2024-06-02,Home & Garden,684.43,684.43
2024-06-03,Home & Garden,476.46,476.46
2024-06-04,Home & Garden,656.14,656.14
2024-06-05,Home & Garden,573.22,573.22
2024-06-06,Home & Garden,493.95,493.95
2024-06-07,Home & Garden,428.72,428.72
2024-06-08,Home & Garden,681.25,681.25
2024-06-09,Home & Garden,720.15,720.15
2024-06-10,Home & Garden,617.9,617.9
2024-06-11,Home & Garden,623.11,623.11
2024-06-12,Home & Garden,531.87,531.87
2024-06-13,Home & Garden,592.26,592.26
2024-06-14,Home & Garden,459.71,459.71
2024-06-15,Home & Garden,680.12,680.12
2024-06-16,Home & Garden,724.58,724.58
2024-06-17,Home & Garden,512.33,512.33
2024-06-18,Home & Garden,538.28,538.28
2024-06-19,Home & Garden,553.32,553.32
2024-06-20,Home & Garden,554.27,554.27
2024-06-21,Home & Garden,634.52,634.52
2024-06-22,Home & Garden,596.68,596.68
2024-06-23,Home & Garden,740.86,740.86
2024-06-24,Home & Garden,467.5,467.5
2024-06-25,Home & Garden,501.6,501.6
2024-06-26,Home & Garden,494.35,494.35
2024-06-27,Home & Garden,535.06,535.06
2024-06-28,Home & Garden,509.86,509.86
2024-06-29,Home & Garden,683.41,683.41
2024-06-30,Home & Garden,654.3,654.3
2024-07-01,Home & Garden,670.14,670.14
2024-07-02,Home & Garden,560.59,560.59
2024-07-03,Home & Garden,521.77,521.77
2024-07-04,Home & Garden,559.02,559.02
2024-07-05,Home & Garden,572.09,572.09
2024-07-06,Home & Garden,638.34,638.34
2024-07-07,Home & Garden,582.44,582.44
2024-07-08,Home & Garden,486.94,486.94
2024-07-09,Home & Garden,545.82,545.82
2024-07-10,Home & Garden,585.07,585.07
2024-07-11,Home & Garden,563.82,563.82
2024-07-12,Home & Garden,529.61,529.61
2024-07-13,Home & Garden,681.64,681.64
2024-07-14,Home & Garden,618.12,618.12
2024-07-15,Home & Garden,550.49,550.49
2024-07-16,Home & Garden,620.36,620.36
2024-07-17,Home & Garden,602.21,602.21
2024-07-18,Home & Garden,616.76,616.76
2024-07-19,Home & Garden,513.33,513.33
2024-07-20,Home & Garden,660.62,660.62
2024-07-21,Home & Garden,588.05,588.05
2024-07-22,Home & Garden,591.68,591.68
2024-07-23,Home & Garden,511.4,511.4
2024-07-24,Home & Garden,458.16,458.16
2024-07-25,Home & Garden,507.95,507.95
2024-07-26,Home & Garden,553.59,553.59
2024-07-27,Home & Garden,519.05,519.05
2024-07-28,Home & Garden,567.26,567.26
2024-07-29,Home & Garden,599.54,599.54
2024-07-30,Home & Garden,546.76,546.76
2024-07-31,Home & Garden,539.03,539.03
2024-08-01,Home & Garden,445.95,445.95
2024-08-02,Home & Garden,638.55,638.55
2024-08-03,Home & Garden,719.26,719.26
2024-08-04,Home & Garden,700.84,700.84
2024-08-05,Home & Garden,479.46,479.46
2024-08-06,Home & Garden,581.97,581.97
2024-08-07,Home & Garden,616.98,616.98
2024-08-08,Home & Garden,529.81,529.81
2024-08-09,Home & Garden,535.65,535.65
2024-08-10,Home & Garden,637.86,637.86
2024-08-11,Home & Garden,703.7,703.7
2024-08-12,Home & Garden,540.13,540.13
2024-08-13,Home & Garden,536.59,536.59
2024-08-14,Home & Garden,469.74,469.74
2024-08-15,Home & Garden,458.64,458.64
2024-08-16,Home & Garden,616.11,616.11
2024-08-17,Home & Garden,771.99,771.99
2024-08-18,Home & Garden,731.19,731.19
2024-08-19,Home & Garden,649.52,649.52
2024-08-20,Home & Garden,533.6,533.6
2024-08-21,Home & Garden,564.66,564.66
2024-08-22,Home & Garden,591.68,591.68
2024-08-23,Home & Garden,561.08,561.08
2024-08-24,Home & Garden,791.35,791.35
2024-08-25,Home & Garden,613.63,613.63
2024-08-26,Home & Garden,541.96,541.96
2024-08-27,Home & Garden,557.26,557.26
2024-08-28,Home & Garden,537.67,537.67
2024-08-29,Home & Garden,632.7,632.7
2024-08-30,Home & Garden,704.0150000000001,704.0150000000001
2024-08-31,Home & Garden,775.33,775.33
2024-09-01,Home & Garden,763.85,763.85
2024-09-02,Home & Garden,609.25,609.25
2024-09-03,Home & Garden,676.19,676.19
2024-09-04,Home & Garden,735.5,735.5
2024-09-05,Home & Garden,689.2,689.2
2024-09-06,Home & Garden,642.9,642.9
2024-09-07,Home & Garden,749.07,749.07
2024-09-08,Home & Garden,759.66,759.66
2024-09-09,Home & Garden,575.84,575.84
2024-09-10,Home & Garden,565.38,565.38
2024-09-11,Home & Garden,647.53,647.53
2024-09-12,Home & Garden,582.17,582.17
2024-09-13,Home & Garden,671.83,671.83
2024-09-14,Home & Garden,793.81,793.81
2024-09-15,Home & Garden,722.34,722.34
2024-09-16,Home & Garden,645.42,645.42
2024-09-17,Home & Garden,630.89,630.89
2024-09-18,Home & Garden,620.55,620.55
2024-09-19,Home & Garden,699.4,699.4
2024-09-20,Home & Garden,636.51,636.51
2024-09-21,Home & Garden,782.08,782.08
2024-09-22,Home & Garden,655.0,655.0
2024-09-23,Home & Garden,677.98,677.98
2024-09-24,Home & Garden,558.57,558.57
2024-09-25,Home & Garden,624.43,624.43
2024-09-26,Home & Garden,746.84,746.84
2024-09-27,Home & Garden,760.13,760.13
2024-09-28,Home & Garden,767.89,767.89
2024-09-29,Home & Garden,719.33,719.33
2024-09-30,Home & Garden,685.5,685.5
2024-10-01,Home & Garden,640.51,640.51
2024-10-02,Home & Garden,687.57,687.57
2024-10-03,Home & Garden,589.42,589.42
2024-10-04,Home & Garden,740.08,740.08
2024-10-05,Home & Garden,908.33,908.33
2024-10-06,Home & Garden,732.29,732.29
2024-10-07,Home & Garden,635.46,635.46
2024-10-08,Home & Garden,642.9,642.9
2024-10-09,Home & Garden,731.5,731.5
2024-10-10,Home & Garden,572.58,572.58
2024-10-11,Home & Garden,705.9,705.9
2024-10-12,Home & Garden,826.72,826.72
2024-10-13,Home & Garden,796.56,796.56
2024-10-14,Home & Garden,744.52,744.52
2024-10-15,Home & Garden,588.43,588.43
2024-10-16,Home & Garden,626.23,626.23
2024-10-17,Home & Garden,664.35,664.35
2024-10-18,Home & Garden,756.83,756.83
2024-10-19,Home & Garden,844.95,844.95
2024-10-20,Home & Garden,819.73,819.73
2024-10-21,Home & Garden,752.09,752.09
2024-10-22,Home & Garden,697.5,697.5
2024-10-23,Home & Garden,690.68,690.68
2024-10-24,Home & Garden,714.21,714.21
2024-10-25,Home & Garden,755.69,755.69
2024-10-26,Home & Garden,1053.02,1053.02
2024-10-27,Home & Garden,829.87,829.87
2024-10-28,Home & Garden,761.07,761.07
2024-10-29,Home & Garden,738.17,738.17
2024-10-30,Home & Garden,734.93,734.93
2024-10-31,Home & Garden,844.59,844.59
2024-11-01,Home & Garden,802.96,802.96
2024-11-02,Home & Garden,957.33,957.33
2024-11-03,Home & Garden,893.58,893.58
2024-11-04,Home & Garden,714.78,714.78
2024-11-05,Home & Garden,786.18,786.18
2024-11-06,Home & Garden,754.35,754.35
2024-11-07,Home & Garden,740.03,740.03
2024-11-08,Home & Garden,817.55,817.55
2024-11-09,Home & Garden,869.85,869.85
2024-11-10,Home & Garden,902.06,902.06
2024-11-11,Home & Garden,9998.880000000001,1630.06
2024-11-12,Home & Garden,783.97,783.97
2024-11-13,Home & Garden,831.72,831.72
2024-11-14,Home & Garden,743.45,743.45
2024-11-15,Home & Garden,839.56,839.56
2024-11-16,Home & Garden,923.69,923.69
2024-11-17,Home & Garden,1050.85,1050.85
2024-11-18,Home & Garden,853.16,853.16
2024-11-19,Home & Garden,836.3,836.3
2024-11-20,Home & Garden,903.22,903.22
2024-11-21,Home & Garden,834.85,834.85
2024-11-22,Home & Garden,778.72,778.72
2024-11-23,Home & Garden,1082.33,1082.33
2024-11-24,Home & Garden,2036.53,1630.06
2024-11-25,Home & Garden,1718.79,1630.06
2024-11-26,Home & Garden,1660.0,1630.06
2024-11-27,Home & Garden,1725.62,1630.06
2024-11-28,Home & Garden,1609.09,1609.09
2024-11-29,Home & Garden,1590.13,1590.13
2024-11-30,Home & Garden,1968.72,1630.06
2024-12-01,Home & Garden,1581.84,1581.84
2024-12-02,Home & Garden,1143.4,1143.4
2024-12-03,Home & Garden,1157.89,1157.89
2024-12-04,Home & Garden,1183.18,1183.18
2024-12-05,Home & Garden,1285.55,1285.55
2024-12-06,Home & Garden,1301.23,1301.23
2024-12-07,Home & Garden,1512.72,1512.72
2024-12-08,Home & Garden,1612.76,1612.76
2024-12-09,Home & Garden,1304.02,1304.02
2024-12-10,Home & Garden,1360.59,1360.59
2024-12-11,Home & Garden,1347.75,1347.75
2024-12-12,Home & Garden,1252.92,1252.92
2024-12-13,Home & Garden,1309.22,1309.22
2024-12-14,Home & Garden,1578.25,1578.25
2024-12-15,Home & Garden,1619.31,1619.31
2024-12-16,Home & Garden,1318.14,1318.14
2024-12-17,Home & Garden,1336.12,1336.12
2024-12-18,Home & Garden,1354.1,1354.1
2024-12-19,Home & Garden,1317.83,1317.83
2024-12-20,Home & Garden,1360.69,1360.69
2024-12-21,Home & Garden,1613.28,1613.28
2024-12-22,Home & Garden,1604.72,1604.72
2024-12-23,Home & Garden,1379.39,1379.39
2024-12-24,Home & Garden,1383.57,1383.57
2024-12-25,Home & Garden,962.27,962.27
2024-12-26,Home & Garden,927.27,927.27
2024-12-27,Home & Garden,878.35,878.35
2024-12-28,Home & Garden,1088.34,1088.34
2024-12-29,Home & Garden,1088.04,1088.04
2024-12-30,Home & Garden,958.6800000000001,958.6800000000001
2024-12-31,Home & Garden,829.32,829.32
2025-01-01,Home & Garden,988.29,988.29
2025-01-02,Home & Garden,894.69,894.69
2025-01-03,Home & Garden,728.71,728.71
2025-01-04,Home & Garden,1079.34,1079.34
2025-01-05,Home & Garden,1097.4,1097.4
2025-01-06,Home & Garden,829.31,829.31
2025-01-07,Home & Garden,1040.17,1040.17
2025-01-08,Home & Garden,972.31,972.31
2025-01-09,Home & Garden,954.48,954.48
2025-01-10,Home & Garden,895.47,895.47
2025-01-11,Home & Garden,1123.39,1123.39
2025-01-12,Home & Garden,1145.95,1145.95
2025-01-13,Home & Garden,937.78,937.78
2025-01-14,Home & Garden,869.93,869.93
2025-01-15,Home & Garden,922.04,922.04
2025-01-16,Home & Garden,919.22,919.22
2025-01-17,Home & Garden,929.35,929.35
2025-01-18,Home & Garden,1037.53,1037.53
2025-01-19,Home & Garden,1116.06,1116.06
2025-01-20,Home & Garden,913.43,913.43
2025-01-21,Home & Garden,927.77,927.77
2025-01-22,Home & Garden,926.03,926.03
2025-01-23,Home & Garden,828.18,828.18
2025-01-24,Home & Garden,965.71,965.71
2025-01-25,Home & Garden,1146.91,1146.91
2025-01-26,Home & Garden,1021.92,1021.92
2025-01-27,Home & Garden,909.27,909.27
2025-01-28,Home & Garden,864.08,864.08
2025-01-29,Home & Garden,887.89,887.89
2025-01-30,Home & Garden,974.92,974.92
2025-01-31,Home & Garden,946.58,946.58
2025-02-01,Home & Garden,1220.09,1220.09
2025-02-02,Home & Garden,1106.75,1106.75
2025-02-03,Home & Garden,847.28,847.28
2025-02-04,Home & Garden,920.76,920.76
2025-02-05,Home & Garden,767.47,767.47
2025-02-06,Home & Garden,1019.7,1019.7
2025-02-07,Home & Garden,928.27,928.27
2025-02-08,Home & Garden,1124.67,1124.67
2025-02-09,Home & Garden,1106.29,1106.29
2025-02-10,Home & Garden,860.04,860.04
2025-02-11,Home & Garden,903.21,903.21
2025-02-12,Home & Garden,862.78,862.78
2025-02-13,Home & Garden,878.4,878.4
2025-02-14,Home & Garden,927.93,927.93
2025-02-15,Home & Garden,1019.43,1019.43
2025-02-16,Home & Garden,1188.43,1188.43
2025-02-17,Home & Garden,841.63,841.63
2025-02-18,Home & Garden,954.12,954.12
2025-02-19,Home & Garden,865.25,865.25
2025-02-20,Home & Garden,828.04,828.04
2025-02-21,Home & Garden,924.22,924.22
2025-02-22,Home & Garden,1092.11,1092.11
2025-02-23,Home & Garden,1067.14,1067.14
2025-02-24,Home & Garden,894.09,894.09
2025-02-25,Home & Garden,859.09,859.09
2025-02-26,Home & Garden,920.46,920.46
2025-02-27,Home & Garden,864.97,864.97
2025-02-28,Home & Garden,893.63,893.63
2025-03-01,Home & Garden,1136.96,1136.96
2025-03-02,Home & Garden,989.8,989.8
2025-03-03,Home & Garden,854.16,854.16
2025-03-04,Home & Garden,846.43,846.43
2025-03-05,Home & Garden,837.72,837.72
2025-03-06,Home & Garden,803.33,803.33
2025-03-07,Home & Garden,865.89,865.89
2025-03-08,Home & Garden,1066.35,1066.35
2025-03-09,Home & Garden,1048.5,1048.5
2025-03-10,Home & Garden,782.21,782.21
2025-03-11,Home & Garden,916.45,916.45
2025-03-12,Home & Garden,916.35,916.35
2025-03-13,Home & Garden,876.92,876.92
2025-03-14,Home & Garden,811.37,811.37
2025-03-15,Home & Garden,991.44,991.44
2025-03-16,Home & Garden,1156.45,1156.45
2025-03-17,Home & Garden,968.55,968.55
2025-03-18,Home & Garden,892.41,892.41
2025-03-19,Home & Garden,807.88,807.88
2025-03-20,Home & Garden,935.73,935.73
2025-03-21,Home & Garden,869.23,869.23
2025-03-22,Home & Garden,1126.23,1126.23
2025-03-23,Home & Garden,989.75,989.75
2025-03-24,Home & Garden,881.06,881.06
2025-03-25,Home & Garden,838.72,838.72
2025-03-26,Home & Garden,894.18,894.18
2025-03-27,Home & Garden,809.6,809.6
2025-03-28,Home & Garden,897.835,897.835
2025-03-29,Home & Garden,986.07,986.07
2025-03-30,Home & Garden,953.39,953.39
2025-03-31,Home & Garden,873.46,873.46
2025-04-01,Home & Garden,851.55,851.55
2025-04-02,Home & Garden,709.47,709.47
2025-04-03,Home & Garden,831.02,831.02
2025-04-04,Home & Garden,837.54,837.54
2025-04-05,Home & Garden,1001.77,1001.77
2025-04-06,Home & Garden,894.2950000000001,894.2950000000001
2025-04-07,Home & Garden,786.82,786.82
2025-04-08,Home & Garden,822.11,822.11
2025-04-09,Home & Garden,719.61,719.61
2025-04-10,Home & Garden,731.91,731.91
2025-04-11,Home & Garden,782.55,782.55
2025-04-12,Home & Garden,963.67,963.67
2025-04-13,Home & Garden,956.9,956.9
2025-04-14,Home & Garden,848.2,848.2
2025-04-15,Home & Garden,851.76,851.76
2025-04-16,Home & Garden,866.17,866.17
2025-04-17,Home & Garden,793.95,793.95
2025-04-18,Home & Garden,830.92,830.92
2025-04-19,Home & Garden,908.96,908.96
2025-04-20,Home & Garden,970.56,970.56
2025-04-21,Home & Garden,823.77,823.77
2025-04-22,Home & Garden,762.84,762.84
2025-04-23,Home & Garden,598.3,598.3
2025-04-24,Home & Garden,749.44,749.44
2025-04-25,Home & Garden,940.19,940.19
2025-04-26,Home & Garden,926.14,926.14
2025-04-27,Home & Garden,891.0,891.0
2025-04-28,Home & Garden,786.05,786.05
2025-04-29,Home & Garden,844.17,844.17
2025-04-30,Home & Garden,795.3,795.3
2025-05-01,Home & Garden,760.84,760.84
2025-05-02,Home & Garden,694.25,694.25
2025-05-03,Home & Garden,894.53,894.53
2025-05-04,Home & Garden,838.0,838.0
2025-05-05,Home & Garden,785.7,785.7
2025-05-06,Home & Garden,852.62,852.62
2025-05-07,Home & Garden,823.38,823.38
2025-05-08,Home & Garden,722.72,722.72
2025-05-09,Home & Garden,697.16,697.16
2025-05-10,Home & Garden,809.7,809.7
2025-05-11,Home & Garden,916.84,916.84
2025-05-12,Home & Garden,783.9,783.9
2025-05-13,Home & Garden,774.96,774.96
2025-05-14,Home & Garden,766.02,766.02
2025-05-15,Home & Garden,671.25,671.25
2025-05-16,Home & Garden,626.58,626.58
2025-05-17,Home & Garden,941.21,941.21
2025-05-18,Home & Garden,821.65,821.65
2025-05-19,Home & Garden,849.28,849.28
2025-05-20,Home & Garden,607.29,607.29
2025-05-21,Home & Garden,665.52,665.52
2025-05-22,Home & Garden,673.75,673.75
2025-05-23,Home & Garden,743.73,743.73
2025-05-24,Home & Garden,896.62,896.62
2025-05-25,Home & Garden,821.34,821.34
2025-05-26,Home & Garden,758.07,758.07
2025-05-27,Home & Garden,642.58,642.58
2025-05-28,Home & Garden,688.79,688.79
2025-05-29,Home & Garden,644.39,644.39
2025-05-30,Home & Garden,681.95,681.95
2025-05-31,Home & Garden,802.27,802.27
2025-06-01,Home & Garden,856.72,856.72
2025-06-02,Home & Garden,916.41,916.41
2025-06-03,Home & Garden,805.7049999999999,805.7049999999999
2025-06-04,Home & Garden,695.0,695.0
2025-06-05,Home & Garden,746.58,746.58
2025-06-06,Home & Garden,708.33,708.33
2025-06-07,Home & Garden,911.3,911.3
2025-06-08,Home & Garden,763.11,763.11
2025-06-09,Home & Garden,707.3,707.3
2025-06-10,Home & Garden,651.49,651.49
2025-06-11,Home & Garden,746.17,746.17
2025-06-12,Home & Garden,705.8,705.8
2025-06-13,Home & Garden,709.37,709.37
2025-06-14,Home & Garden,778.8,778.8
2025-06-15,Home & Garden,701.6,701.6
2025-06-16,Home & Garden,624.81,624.81
2025-06-17,Home & Garden,732.29,732.29
2025-06-18,Home & Garden,673.01,673.01
2025-06-19,Home & Garden,731.9,731.9
2025-06-20,Home & Garden,607.39,607.39
2025-06-21,Home & Garden,842.19,842.19
2025-06-22,Home & Garden,862.94,862.94
2025-06-23,Home & Garden,551.5,551.5
2025-06-24,Home & Garden,702.34,702.34
2025-06-25,Home & Garden,798.56,798.56
2025-06-26,Home & Garden,636.3,636.3
2025-06-27,Home & Garden,740.69,740.69
2025-06-28,Home & Garden,798.55,798.55
2025-06-29,Home & Garden,846.45,846.45
2025-06-30,Home & Garden,655.87,655.87
2025-07-01,Home & Garden,631.99,631.99
2025-07-02,Home & Garden,652.3,652.3
2025-07-03,Home & Garden,655.66,655.66
2025-07-04,Home & Garden,641.75,641.75
2025-07-05,Home & Garden,738.23,738.23
2025-07-06,Home & Garden,856.54,856.54
2025-07-07,Home & Garden,641.16,641.16
2025-07-08,Home & Garden,603.39,603.39
2025-07-09,Home & Garden,619.33,619.33
2025-07-10,Home & Garden,704.55,704.55
2025-07-11,Home & Garden,541.55,541.55
2025-07-12,Home & Garden,818.13,818.13
2025-07-13,Home & Garden,830.89,830.89
2025-07-14,Home & Garden,751.56,751.56
2025-07-15,Home & Garden,648.63,648.63
2025-07-16,Home & Garden,625.95,625.95
2025-07-17,Home & Garden,685.74,685.74
2025-07-18,Home & Garden,683.9,683.9
2025-07-19,Home & Garden,867.02,867.02
2025-07-20,Home & Garden,791.8,791.8
2025-07-21,Home & Garden,650.78,650.78
2025-07-22,Home & Garden,596.78,596.78
2025-07-23,Home & Garden,664.53,664.53
2025-07-24,Home & Garden,681.99,681.99
2025-07-25,Home & Garden,748.76,748.76
2025-07-26,Home & Garden,797.43,797.43
2025-07-27,Home & Garden,872.58,872.58
2025-07-28,Home & Garden,754.11,754.11
2025-07-29,Home & Garden,634.46,634.46
2025-07-30,Home & Garden,612.79,612.79
2025-07-31,Home & Garden,643.81,643.81
2025-08-01,Home & Garden,668.61,668.61
2025-08-02,Home & Garden,748.1,748.1
2025-08-03,Home & Garden,839.5,839.5
2025-08-04,Home & Garden,725.77,725.77
2025-08-05,Home & Garden,758.72,758.72
2025-08-06,Home & Garden,704.02,704.02
2025-08-07,Home & Garden,662.16,662.16
2025-08-08,Home & Garden,713.94,713.94
2025-08-09,Home & Garden,750.11,750.11
2025-08-10,Home & Garden,814.93,814.93
2025-08-11,Home & Garden,647.35,647.35
2025-08-12,Home & Garden,763.59,763.59
2025-08-13,Home & Garden,535.8,535.8
2025-08-14,Home & Garden,747.7,747.7
2025-08-15,Home & Garden,751.27,751.27
2025-08-16,Home & Garden,812.88,812.88
2025-08-17,Home & Garden,837.34,837.34
2025-08-18,Home & Garden,714.97,714.97
2025-08-19,Home & Garden,781.89,781.89
2025-08-20,Home & Garden,805.06,805.06
2025-08-21,Home & Garden,708.08,708.08
2025-08-22,Home & Garden,807.14,807.14
2025-08-23,Home & Garden,789.92,789.92
2025-08-24,Home & Garden,855.5,855.5
2025-08-25,Home & Garden,740.56,740.56
2025-08-26,Home & Garden,739.0799999999999,739.0799999999999
2025-08-27,Home & Garden,737.6,737.6
2025-08-28,Home & Garden,679.82,679.82
2025-08-29,Home & Garden,769.42,769.42
2025-08-30,Home & Garden,790.64,790.64
2025-08-31,Home & Garden,739.89,739.89
2025-09-01,Home & Garden,649.7,649.7
2025-09-02,Home & Garden,731.06,731.06
2025-09-03,Home & Garden,750.51,750.51
2025-09-04,Home & Garden,754.4,754.4
2025-09-05,Home & Garden,690.39,690.39
2025-09-06,Home & Garden,908.78,908.78
2025-09-07,Home & Garden,831.24,831.24
2025-09-08,Home & Garden,729.54,729.54
2025-09-09,Home & Garden,803.88,803.88
2025-09-10,Home & Garden,737.73,737.73
2025-09-11,Home & Garden,637.02,637.02
2025-09-12,Home & Garden,794.87,794.87
2025-09-13,Home & Garden,881.02,881.02
2025-09-14,Home & Garden,860.76,860.76
2025-09-15,Home & Garden,836.63,836.63
2025-09-16,Home & Garden,724.11,724.11
2025-09-17,Home & Garden,803.45,803.45
2025-09-18,Home & Garden,774.96,774.96
2025-09-19,Home & Garden,925.23,925.23
2025-09-20,Home & Garden,794.24,794.24
2025-09-21,Home & Garden,917.08,917.08
2025-09-22,Home & Garden,797.98,797.98
2025-09-23,Home & Garden,845.74,845.74
2025-09-24,Home & Garden,757.26,757.26
2025-09-25,Home & Garden,747.13,747.13
2025-09-26,Home & Garden,871.29,871.29
2025-09-27,Home & Garden,899.28,899.28
2025-09-28,Home & Garden,944.91,944.91
2025-09-29,Home & Garden,793.04,793.04
2025-09-30,Home & Garden,821.88,821.88
2025-10-01,Home & Garden,720.92,720.92
2025-10-02,Home & Garden,772.02,772.02
2025-10-03,Home & Garden,804.04,804.04
2025-10-04,Home & Garden,955.04,955.04
2025-10-05,Home & Garden,1017.84,1017.84
2025-10-06,Home & Garden,846.46,846.46
2025-10-07,Home & Garden,853.33,853.33
2025-10-08,Home & Garden,818.34,818.34
2025-10-09,Home & Garden,900.05,900.05
2025-10-10,Home & Garden,791.13,791.13
2025-10-11,Home & Garden,967.47,967.47
2025-10-12,Home & Garden,887.58,887.58
2025-10-13,Home & Garden,773.41,773.41
2025-10-14,Home & Garden,890.2,890.2
2025-10-15,Home & Garden,839.35,839.35
2025-10-16,Home & Garden,733.96,733.96
2025-10-17,Home & Garden,845.5,845.5
2025-10-18,Home & Garden,984.13,984.13
2025-10-19,Home & Garden,933.85,933.85
2025-10-20,Home & Garden,876.99,876.99
2025-10-21,Home & Garden,843.76,843.76
2025-10-22,Home & Garden,863.45,863.45
2025-10-23,Home & Garden,922.39,922.39
2025-10-24,Home & Garden,831.88,831.88
2025-10-25,Home & Garden,1088.11,1088.11
2025-10-26,Home & Garden,1011.04,1011.04
2025-10-27,Home & Garden,862.31,862.31
2025-10-28,Home & Garden,957.94,957.94
2025-10-29,Home & Garden,906.37,906.37
2025-10-30,Home & Garden,862.29,862.29
2025-10-31,Home & Garden,882.45,882.45
2025-11-01,Home & Garden,1061.61,1061.61
2025-11-02,Home & Garden,965.21,965.21
2025-11-03,Home & Garden,938.3,938.3
2025-11-04,Home & Garden,901.03,901.03
2025-11-05,Home & Garden,826.67,826.67
2025-11-06,Home & Garden,850.55,850.55
2025-11-07,Home & Garden,961.8,961.8
2025-11-08,Home & Garden,997.71,997.71
2025-11-09,Home & Garden,1205.64,1205.64
2025-11-10,Home & Garden,1069.655,1069.655
2025-11-11,Home & Garden,933.67,933.67
2025-11-12,Home & Garden,771.08,771.08
2025-11-13,Home & Garden,922.56,922.56
2025-11-14,Home & Garden,1024.3249999999998,1024.3249999999998
2025-11-15,Home & Garden,1126.09,1126.09
2025-11-16,Home & Garden,1111.98,1111.98
2025-11-17,Home & Garden,917.57,917.57
2025-11-18,Home & Garden,1069.12,1069.12
2025-11-19,Home & Garden,989.06,989.06
2025-11-20,Home & Garden,901.55,901.55
2025-11-21,Home & Garden,968.93,968.93
2025-11-22,Home & Garden,946.5,946.5
2025-11-23,Home & Garden,1087.51,1087.51
2025-11-24,Home & Garden,1846.16,1630.06
2025-11-25,Home & Garden,1743.36,1630.06
2025-11-26,Home & Garden,1790.38,1630.06
2025-11-27,Home & Garden,1717.56,1630.06
2025-11-28,Home & Garden,1838.73,1630.06
2025-11-29,Home & Garden,2183.42,1630.06
2025-11-30,Home & Garden,2182.3,1630.06
2025-12-01,Home & Garden,1445.34,1445.34
2025-12-02,Home & Garden,1490.98,1490.98
2025-12-03,Home & Garden,1444.14,1444.14
2025-12-04,Home & Garden,1295.83,1295.83
2025-12-05,Home & Garden,1426.86,1426.86
2025-12-06,Home & Garden,1703.92,1630.06
2025-12-07,Home & Garden,1623.43,1623.43
2025-12-08,Home & Garden,1316.0,1316.0
2025-12-09,Home & Garden,1391.48,1391.48
2025-12-10,Home & Garden,1401.09,1401.09
2025-12-11,Home & Garden,1418.08,1418.08
2025-12-12,Home & Garden,1381.12,1381.12
2025-12-13,Home & Garden,1724.08,1630.06
2025-12-14,Home & Garden,1735.89,1630.06
2025-12-15,Home & Garden,1416.49,1416.49
2025-12-16,Home & Garden,1459.69,1459.69
2025-12-17,Home & Garden,1404.2,1404.2
2025-12-18,Home & Garden,1347.8,1347.8
2025-12-19,Home & Garden,1444.32,1444.32
2025-12-20,Home & Garden,1790.96,1630.06
2025-12-21,Home & Garden,1903.1,1630.06
2025-12-22,Home & Garden,1324.82,1324.82
2025-12-23,Home & Garden,1424.49,1424.49
2025-12-24,Home & Garden,1404.62,1404.62
2025-12-25,Home & Garden,1035.55,1035.55
2025-12-26,Home & Garden,968.36,968.36
2025-12-27,Home & Garden,1213.98,1213.98
2025-12-28,Home & Garden,1267.53,1267.53
2025-12-29,Home & Garden,980.53,980.53
2025-12-30,Home & Garden,1022.53,1022.53
2025-12-31,Home & Garden,1125.3,1125.3
